PATCH_IDX,PATCH_CMD,LABEL,MODEL,ENVMAP
4,REPLACE,"Dragon: Red 1",c_wingdra,****
7,REPLACE,"Angel: Fallen",c_wingsfallen,****
8,REPLACE,"Bird: Raven",c_wingsraven,****
9,REPLACE,"Balor: Flame",c_wingsbalr,****
10,REPLACE,Gargoyle,c_wingsgarg,****
11,REPLACE,"Butterfly: Yellow",c_yelbutter,****
12,REPLACE,"Butterfly: Orange",c_orabutter,****
13,REPLACE,"Butterfly: Black",c_blabutter,****
14,REPLACE,"Butterfly: Blue",c_blubutter,****
15,REPLACE,"Butterfly: Red",c_redbutter,****
16,REPLACE,"Dragon: Shadow",c_wingdrashadow,****
17,REPLACE,"Dragon: Dracolich",c_wingdralich,****
18,REPLACE,"Dragon: Prismatic",c_wingdraprism,****
19,REPLACE,"Dragon: Big",c_winged,****
20,REPLACE,"Demon: Mephisto",c_wingsmeph,****
21,REPLACE,"Dracolisk (Project Q)",c_dracolisk_w,****
22,REPLACE,"Demon: SkinColours",c_w_dm_plt,****
23,REPLACE,"Angel: SkinColours",c_w_an_plt,****
24,REPLACE,"Bat: SkinColours",c_w_bat_plt,****
25,REPLACE,"Butterfly: SkinColours",c_w_but_plt,****
26,REPLACE,"Bird: SkinColours",c_w_bird_plt,****
27,REPLACE,"Dragon: SkinColours",c_w_dra_plt,****
28,REPLACE,"Bird: Kenku",c_wingkenkub,****
29,REPLACE,"Angel: Armored",c_wingsarman,****
30,REPLACE,"Demon: Erinyes* (Eligio Sacateca)",zep_wingerin,****
31,REPLACE,"Bird: Red* (Shadowhawk)",zep_wingsbird2,****
32,REPLACE,"Bird: Dark* (Shadowhawk)",zep_wingsbird3,****
33,REPLACE,"Bird: Blue* (Shadowhawk)",zep_wingsbird4,****
34,REPLACE,"Dragon: Black 1* (Saju)",c_wingdrablack,****
35,REPLACE,"Dragon: Blue 1* (Saju)",c_wingdrablue,****
36,REPLACE,"Dragon: Brass 1* (Saju)",c_wingdrabrass,default
37,REPLACE,"Dragon: Bronze 1* (Saju)",c_wingdrabronze,default
38,REPLACE,"Dragon: Copper 1* (Saju)",c_wingdracopper,default
39,REPLACE,"Dragon: Gold 1* (Saju)",c_wingdragold,default
40,REPLACE,"Dragon: Green 1* (Saju)",c_wingdragreen,****
41,REPLACE,"Dragon: Silver 1* (Saju)",c_wingdrasilver,default
42,REPLACE,"Dragon: White 1* (Saju)",c_wingdrawhite,****
43,REPLACE,"Half-Dragon: Gold",c_winggldhdrg,****
44,REPLACE,"Half-Dragon: Silver",c_wingslvhdrg,****
45,REPLACE,"Flying: Demon, Male",w2_wingsdm,****
46,REPLACE,"Flying: Demon, Female",w1_wingsdm,****
47,REPLACE,"Flying: Angel",tk_wingsan,****
48,REPLACE,"Butterfly: GreenGold",c_wingbut2,****
49,REPLACE,"Butterfly: Forest",c_wingbut3,****
50,REPLACE,"Butterfly: BurntSienna",c_wingbut4,****
51,REPLACE,"Butterfly: BrightBlue",c_wingbut5,****
52,REPLACE,"Butterfly: DarkForest",c_wingbut6,****
53,REPLACE,"Butterfly: Violet",c_wingbut7,****
54,REPLACE,"Butterfly: VioletGold",c_wingbut8,****
55,REPLACE,"Butterfly: IceGreen",c_wingbut9,****
56,REPLACE,"Butterfly: Mauve",c_wingbut10,****
57,REPLACE,"Demon: Red",c_winredsha,****
58,REPLACE,"Demon: Blue",c_winblusha,****
59,REPLACE,"Dragon: Brass 2",c_wingdrg1_brs,default
60,REPLACE,"Dragon: Bronze 2",c_wingdrg1_brz,default
61,REPLACE,"Dragon: Copper 2",c_wingdrg1_cop,default
62,REPLACE,"Dragon: Silver 2",c_wingdrg1_sil,default
63,REPLACE,"Dragon: Gold 2",c_wingdrg1_gol,default
64,REPLACE,"Dragon: White 2",c_wingdrg1_whi,****
65,REPLACE,"Dragon: Black 2",c_wingdrg1_blk,****
66,REPLACE,"Dragon: Green 2",c_wingdrg1_grn,****
67,REPLACE,"Dragon: Blue 2",c_wingdrg1_blu,****
68,REPLACE,"Dragon: Red 2",c_wingdrg1_red,****
69,REPLACE,"Dragon: Brass 3",c_wingdrg2_brs,default
70,REPLACE,"Dragon: Bronze 3",c_wingdrg2_brz,default
71,REPLACE,"Dragon: Copper 3",c_wingdrg2_cop,default
72,REPLACE,"Dragon: Silver 3",c_wingdrg2_sil,default
73,REPLACE,"Dragon: Gold 3",c_wingdrg2_gol,default
74,REPLACE,"Dragon: White 3",c_wingdrg2_whi,****
75,REPLACE,"Dragon: Black 3",c_wingdrg2_blk,****
76,REPLACE,"Dragon: Green 3",c_wingdrg2_grn,****
77,REPLACE,"Dragon: Blue 3",c_wingdrg2_blu,****
78,REPLACE,"Dragon: Red 3",c_wingdrg2_red,****
90,ADD,Drakin,c_wingdrak,default
91,ADD,****,CEP_RESERVED,****
92,ADD,****,CEP_RESERVED,****
93,ADD,****,CEP_RESERVED,****
94,ADD,****,CEP_RESERVED,****
95,ADD,****,CEP_RESERVED,****
96,ADD,****,CEP_RESERVED,****
97,ADD,****,CEP_RESERVED,****
98,ADD,****,CEP_RESERVED,****
99,ADD,****,CEP_RESERVED,****
100,ADD,Caltrops,vdr_caltrops,****
101,ADD,****,CEP_RESERVED,****
102,ADD,****,CEP_RESERVED,****
103,ADD,****,CEP_RESERVED,****
104,ADD,****,CEP_RESERVED,****
105,ADD,****,CEP_RESERVED,****
106,ADD,****,CEP_RESERVED,****
107,ADD,****,CEP_RESERVED,****
108,ADD,"Mecha (Black Ball)",px2_f06,****
109,ADD,"@VFX: Combust (flames, laggy)",vim_ballfire,****
110,ADD,"@VFX: Dust",rockexpld,****
111,ADD,"@VFX: Dust 2",rockexpld01,****
112,ADD,"@VFX: Smoke",vdr_smoke,****
113,ADD,"@VFX: Smoke, Overhead (laggy)",vim_mentcloud,****
114,ADD,"@VFX: Smoke, Ghost",vdr_ghostsmoke,****
115,ADD,"@VFX: Smoke, Ghost 2",vdr_ghostsmoke2,****
116,ADD,"@VFX: Cone, Butterflies (laggy)",var_conebfly,****
117,ADD,"@VFX: Cone, Gems (laggy)",var_conegems,****
118,ADD,"@VFX: Sparkles, Mage",vdr_magearmor,****
119,ADD,"@VFX: Sparkles, Deck",vff_deck,****
120,ADD,"Big Red Hand",vff_rayhand,****
121,ADD,"Flag: Blue",vfx_flagblue,****
122,ADD,"Flag: Purple",vfx_flagpurp,****
123,ADD,"Flag: Red",vfx_flagred,****
124,ADD,"Flag: Yellow",vfx_flagyelo,****
125,ADD,"@VFX: Sparks, Acid",vim_shwngacid01,****
126,ADD,"@VFX: Sparks, Cold",vim_shwngcold01,****
127,ADD,"@VFX: Sparks, Electric",vim_shwngelec01,****
128,ADD,"@VFX: Sparks, Evil",vim_shwngevil01,****
129,ADD,"@VFX: Sparks, Fire",vim_shwngfire01,****
130,ADD,"@VFX: Sparks, Heal",vim_shwngheal01,****
131,ADD,"@VFX: Sparks, Holy",vim_shwngholy01,****
132,ADD,"@VFX: Sparks, Mind",vim_shwngmind01,****
133,ADD,"@VFX: Sparks, Nature",vim_shwngnatr01,****
134,ADD,"@VFX: Sparks, Odd",vim_shwngodd01,****
135,ADD,"@VFX: Sparks, Sonic",vim_shwngsonc01,****
136,ADD,"@VFX: Whipfire",wwhip_fxfire,****
137,ADD,"@VFX: IceShards",vpr_shardice,****
138,ADD,"@VFX: Trace 1, Acid",vco_lgspracid01,****
139,ADD,"@VFX: Trace 1, Cold",vco_lgsprcold01,****
140,ADD,"@VFX: Trace 1, Electric",vco_lgsprelec01,****
141,ADD,"@VFX: Trace 1, Evil",vco_lgsprevil01,****
142,ADD,"@VFX: Trace 1, Fire",vco_lgsprfire01,****
143,ADD,"@VFX: Trace 1, Heal",vco_lgsprheal01,****
144,ADD,"@VFX: Trace 1, Holy",vco_lgsprholy01,****
145,ADD,"@VFX: Trace 1, Mind",vco_lgsprmind01,****
146,ADD,"@VFX: Trace 1, Nature",vco_lgsprnatr01,****
147,ADD,"@VFX: Trace 1, Odd",vco_lgsprodd01,****
148,ADD,"@VFX: Trace 1, Sonic",vco_lgsprsonc01,****
149,ADD,"@VFX: FearSkull",fx_skull,****
150,ADD,"@VFX: FearSkull 2",fx_Skull01,****
151,ADD,"@VFX: Atom, Red",vco_atomred,****
152,ADD,"Animal: Bat",c_a_bat,****
153,ADD,"Animal: Penguin",c_a_penguin,****
154,ADD,"@VFX: LavaSpurt",fx_lavaspurt,****
155,ADD,"@VFX: Spark, Fire",fx_ref_fire,****
156,ADD,"@VFX: Ribbon",fx_ribbon,****
157,ADD,"@VFX: Dust Plume",plc_t03,****
158,ADD,"@VFX: Fire, Azer",vcm_hitfire,****
159,ADD,"@VFX: Atom, Blue",vco_atomblue,****
160,ADD,"@VFX: Atom, Green",vco_atomgren,****
161,ADD,"@VFX: Atom, Purple",vco_atompurp,****
162,ADD,"@VFX: Atom, Red",vco_atomred,****
163,ADD,"@VFX: Atom, Yellow",vco_atomyelo,****
164,ADD,"@VFX: Butterflies",plc_t02,****
165,ADD,"@VFX: Gaze, Mind (laggy)",vco_gazemind,****
166,ADD,"@VFX: Ground, Blue",vco_grndblue,****
167,ADD,"@VFX: Ground, Skull",vco_grndskul,****
168,ADD,"@VFX: Lights, Acid",vco_mebalacid01,****
169,ADD,"@VFX: Lights, Cold",vco_mebalcold01,****
170,ADD,"@VFX: Lights, Electric",vco_mebalelec01,****
171,ADD,"@VFX: Lights, Evil",vco_mebalevil01,****
172,ADD,"@VFX: Lights, Fire",vco_mebalfire01,****
173,ADD,"@VFX: Lights, Heal",vco_mebalheal01,****
174,ADD,"@VFX: Lights, Holy",vco_mebalholy01,****
175,ADD,"@VFX: Lights, Mind",vco_mebalmind01,****
176,ADD,"@VFX: Lights, Nature",vco_mebalnatr01,****
177,ADD,"@VFX: Lights, Odd",vco_mebalodd01,****
178,ADD,"@VFX: Lights, Sonic",vco_mebalsonc01,****
179,ADD,"@VFX: Fog, Acid",zep_vwt_fog_acid,****
180,ADD,"@VFX: Fog, Cold",vco_megrdcold01,****
181,ADD,"@VFX: Fog, Electric",vco_megrdelec01,****
182,ADD,"@VFX: Fog, Evil",vco_megrdevil01,****
183,ADD,"@VFX: Fog, Fire",vco_megrdfire01,****
184,ADD,"@VFX: Fog, Heal",zep_vwt_fog_heal,****
185,ADD,"@VFX: Fog, Holy",vco_megrdholy01,****
186,ADD,"@VFX: Fog, Mind",vco_megrdmind01,****
187,ADD,"@VFX: Fog, Nature",zep_vwt_fog_natr,****
188,ADD,"@VFX: Fog, Odd",vco_megrdodd01,****
189,ADD,"@VFX: Fog, Sonic",vco_megrdsonc01,****
190,ADD,"@VFX: Trace 2, Acid",vco_mehanacid01,****
191,ADD,"@VFX: Trace 2, Cold",vco_mehancold01,****
192,ADD,"@VFX: Trace 2, Electric",vco_mehanelec01,****
193,ADD,"@VFX: Trace 2, Evil",vco_mehanevil01,****
194,ADD,"@VFX: Trace 2, Fire",vco_mehanfire01,****
195,ADD,"@VFX: Trace 2, Heal",vco_mehanheal01,****
196,ADD,"@VFX: Trace 2, Holy",vco_mehanholy01,****
197,ADD,"@VFX: Trace 2, Mind",vco_mehanmind01,****
198,ADD,"@VFX: Trace 2, Nature",vco_mehannatr01,****
199,ADD,"@VFX: Trace 2, Odd",vco_mehanodd01,****
200,ADD,"@VFX: Trace 2, Sonic",vco_mehansonc01,****
201,ADD,"@VFX: Flies",vps_bugs,****
202,ADD,"@VFX: Trace 3, Acid",vco_mehedacid01,****
203,ADD,"@VFX: Trace 3, Cold",vco_mehedcold01,****
204,ADD,"@VFX: Trace 3, Electric",vco_mehedelec01,****
205,ADD,None,****,****
206,ADD,"@VFX: Trace 3, Evil",vco_mehedevil01,****
207,ADD,"@VFX: Trace 3, Fire",vco_mehedfire01,****
208,ADD,"@VFX: Trace 3, Heal",vco_mehedheal01,****
209,ADD,"@VFX: Trace 3, Holy",vco_mehedholy01,****
210,ADD,"@VFX: Trace 3, Mind",vco_mehedmind01,****
211,ADD,"@VFX: Trace 3, Nature",vco_mehednatr01,****
212,ADD,"@VFX: Trace 3, Odd",vco_mehedodd01,****
213,ADD,"@VFX: Trace 3, Sonic",vco_mehedsonc01,****
214,ADD,"@VFX: Trace 4, Electric",vco_smhanelec01,****
215,ADD,"@VFX: Death Shield",vim_protdeath,****
216,ADD,"@VFX: Explosion, Blood",vim_destruct,****
217,ADD,"@VFX: Flames, Blue",vdr_eleshield02,****
218,ADD,"@VFX: Rays, Destruction",vim_destruct_l,****
219,ADD,"@VFX: Gas Jet, Acid",vff_gasacid,****
220,ADD,"@VFX: Gas Jet, Evil",vff_gasevil,****
221,ADD,"@VFX: Gas Jet, Smoke",vff_gasfire,****
222,ADD,"@VFX: Gas Jet, Grease",vff_gasgrease,****
223,ADD,"@VFX: Gas Jet, Mind",vff_gasmind,****
224,ADD,"@VFX: Gas Jet, Nature",vff_gasnatr,****
225,ADD,"@VFX: Gas Jet, Steam",vff_gassmoke,****
226,ADD,"@VFX: Sparkles, Colorful",vim_bonabil,****
227,ADD,"@VFX: Rays, Holy",vim_bonholy,****
228,ADD,"@VFX: Summoning Circle",px2_g01,****
229,ADD,"@VFX: Glow, Green",vdr_bigby_int,****
230,ADD,"@VFX: AC Bonus",vim_bonac,****
231,ADD,"@VFX: Fog, Black",vps_tentacle,****
232,ADD,"@VFX: Rays, Negative (laggy)",vim_negabil,****
233,ADD,"@VFX: Cloud, Big",vff_summon1,****
234,ADD,"@VFX: Sparkles, Tracers",vff_summon2,****
235,ADD,"@VFX: Sparkles, Body Encasing",vff_summund,****
236,ADD,"@VFX: Wilting (laggy)",vff_wilting,****
237,ADD,"@VFX: Hyper Fireball",vpr_fireball,****
238,ADD,"@VFX: Fountain, Cold",vim_pulscold,****
239,ADD,"@VFX: Fountain, Fire",vim_pulsfire,****
240,ADD,"@VFX: Fountain, Holy",vim_pulsholy,****
241,ADD,"@VFX: Rays, Weird",vim_pulsneg,****
242,ADD,"@VFX: Beam, Flame Lash",vim_lashfire,****
243,ADD,"@VFX: Stormcloud",vim_magdoom,****
244,ADD,"@VFX: Aura, Green",vpm_circfear,****
245,ADD,"@VFX: Aura, Black",vpm_circcont,****
246,ADD,"@VFX: Aura, Red/White",vpm_circdrain,****
247,ADD,"@VFX: Aura, Orange",vpm_circfire,****
248,ADD,"@VFX: Aura, Blue",vpm_circfrost,****
249,ADD,"@VFX: Aura, Blue/Green",vpm_circpois,****
250,ADD,"@VFX: Aura, Yellow",vpm_circprot,****
251,ADD,"@VFX: Aura, Purple",vpm_circradi,****
252,ADD,"@VFX: Aura, White",vpm_circsilc,****
253,ADD,"@VFX: Aura, Green",vpm_circvisag,****
254,ADD,"@VFX: Aura, Dragonfear",vpm_dragfear,****
255,ADD,"@VFX: Beam, Cold",vim_raycold,****
256,ADD,"Backpack: SkinColors",c_wingpack,default
257,ADD,"@VFX: Chunks, Green",vwp_m_chunk_grn,****
258,ADD,"@VFX: Chunks, Red",vwp_m_chunk_red,****
259,ADD,"@VFX: Chunks, Yellow",vwp_m_chunk_yel,****
260,ADD,"@VFX: Ecto, Acid",vpr_ectoacid01,****
261,ADD,"@VFX: Ecto, Cold",vpr_ectocold01,****
262,ADD,"@VFX: Ecto, Electric",vpr_ectoelec01,****
263,ADD,"@VFX: Ecto, Evil",vpr_ectoevil01,****
264,ADD,"@VFX: Ecto, Fire",vpr_ectofire01,****
265,ADD,"@VFX: Ecto, Heal",vpr_ectoheal01,****
266,ADD,"@VFX: Ecto, Holy",vpr_ectoholy01,****
267,ADD,"@VFX: Ecto, Mind",vpr_ectomind01,****
268,ADD,"@VFX: Ecto, Nature",vpr_ectonatr01,****
269,ADD,"@VFX: Ecto, Odd",vpr_ectoodd01,****
270,ADD,"@VFX: Ecto, Sonic",vpr_ectosonc01,****
271,ADD,"@VFX: Fountain, Acid",zep_vwt_fnt_acid,****
272,ADD,"@VFX: Fountain, Electric",zep_vwt_fnt_elec,****
273,ADD,"@VFX: Fountain, Evil",zep_vwt_fnt_evil,****
274,ADD,"@VFX: Fountain, Heal",zep_vwt_fnt_heal,****
275,ADD,"@VFX: Fountain, Mind",zep_vwt_fnt_mind,****
276,ADD,"@VFX: Fountain, Nature",zep_vwt_fnt_natr,****
277,ADD,"@VFX: Fountain, Odd",zep_vwt_fnt_odd,****
278,ADD,"@VFX: Fountain, Sonic",zep_vwt_fnt_sonc,****
279,ADD,"@VFX: Glow, Bright Blue",vim_magbreach,****
280,ADD,"@VFX: Lightshaft, Blue",plc_v02,****
281,ADD,"@VFX: Lightshaft, Cyan",plc_v03,****
282,ADD,"@VFX: Lightshaft, Green",plc_v04,****
283,ADD,"@VFX: Lightshaft, Orange",plc_v06,****
284,ADD,"@VFX: Lightshaft, Purple",plc_v08,****
285,ADD,"@VFX: Lightshaft, Red",plc_v07,****
286,ADD,"@VFX: Lightshaft, White",plc_v01,****
287,ADD,"@VFX: Lightshaft, Yellow",plc_v05,****
288,ADD,"@VFX: Rays, Blue",vim_magknock,****
289,ADD,"@VFX: RisLight, Acid",vco_lgupacid01,****
290,ADD,"@VFX: RisLight, Cold",vco_lgupcold01,****
291,ADD,"@VFX: RisLight, Electric",vco_lgupelec01,****
292,ADD,"@VFX: RisLight, Evil",vco_lgupevil01,****
293,ADD,"@VFX: RisLight, Fire",vco_lgupfire01,****
294,ADD,"@VFX: RisLight, Heal",vco_lgupheal01,****
295,ADD,"@VFX: RisLight, Holy",vco_lgupholy01,****
296,ADD,"@VFX: RisLight, Mind",vco_lgupmind01,****
297,ADD,"@VFX: RisLight, Nature",vco_lgupnatr01,****
298,ADD,"@VFX: RisLight, Odd",vco_lgupodd01,****
299,ADD,"@VFX: RisLight, Sonic",vco_lgupsonc01,****
300,ADD,"@VFX: Trace 4, Acid",vco_smhanacid01,****
301,ADD,"@VFX: Trace 4, Cold",vco_smhancold01,****
302,ADD,"@VFX: Trace 4, Electric",vco_smhanelec01,****
303,ADD,"@VFX: Trace 4, Evil",vco_smhanevil01,****
304,ADD,"@VFX: Trace 4, Fire",vco_smhanfire01,****
305,ADD,"@VFX: Trace 4, Heal",vco_smhanheal01,****
306,ADD,"@VFX: Trace 4, Holy",vco_smhanholy01,****
307,ADD,"@VFX: Trace 4, Mind",vco_smhanmind01,****
308,ADD,"@VFX: Trace 4, Nature",vco_smhannatr01,****
309,ADD,"@VFX: Trace 4, Odd",vco_smhanodd01,****
310,ADD,"@VFX: Trace 4, Sonic",vco_smhansonc01,****
311,ADD,"@VFX: Trace 5, Acid",vco_lgrinacid01,****
312,ADD,"@VFX: Trace 5, Cold",vco_lgrincold01,****
313,ADD,"@VFX: Trace 5, Electric",vco_lgrinelec01,****
314,ADD,"@VFX: Trace 5, Evil",vco_lgrinevil01,****
315,ADD,"@VFX: Trace 5, Fire",vco_lgrinfire01,****
316,ADD,"@VFX: Trace 5, Heal",vco_lgrinheal01,****
317,ADD,"@VFX: Trace 5, Holy",vco_lgrinholy01,****
318,ADD,"@VFX: Trace 5, Mind",vco_lgrinmind01,****
319,ADD,"@VFX: Trace 5, Nature",vco_lgrinnatr01,****
320,ADD,"@VFX: Trace 5, Odd",vco_lgrinodd01,****
321,ADD,"@VFX: Trace 5, Sonic",vco_lgrinsonc01,****
322,ADD,"@VFX: Bubbles",vdr_bubbles_m,****
323,ADD,"@VFX: Trace 6, Acid",vco_mehanacid02,****
324,ADD,"@VFX: Trace 6, Cold",vco_mehancold02,****
325,ADD,"@VFX: Trace 6, Electric",vco_mehanelec02,****
326,ADD,"@VFX: Trace 6, Evil",vco_mehanevil02,****
327,ADD,"@VFX: Trace 6, Fire",vco_mehanfire02,****
328,ADD,"@VFX: Trace 6, Heal",vco_mehanheal02,****
329,ADD,"@VFX: Trace 6, Holy",vco_mehanholy02,****
330,ADD,"@VFX: Trace 6, Mind",vco_mehanmind02,****
331,ADD,"@VFX: Trace 6, Nature",vco_mehannatr02,****
332,ADD,"@VFX: Trace 6, Odd",vco_mehanodd02,****
333,ADD,"@VFX: Trace 6, Sonic",vco_mehansonc02,****
334,ADD,"@VFX: Hex, Acid",vca_uphexacid01,****
335,ADD,"@VFX: Hex, Cold",vca_uphexcold01,****
336,ADD,"@VFX: Hex, Electric",vca_uphexelec01,****
337,ADD,"@VFX: Hex, Evil",vca_uphexevil01,****
338,ADD,"@VFX: Hex, Fire",vca_uphexfire01,****
339,ADD,"@VFX: Hex, Heal",vca_uphexheal01,****
340,ADD,"@VFX: Hex, Holy",vca_uphexholy01,****
341,ADD,"@VFX: Hex, Mind",vca_uphexmind01,****
342,ADD,"@VFX: Hex, Nature",vca_uphexnatr01,****
343,ADD,"@VFX: Hex, Odd",vca_uphexodd01,****
344,ADD,"@VFX: Hex, Sonic",vca_uphexsonc01,****
345,ADD,"@VFX: Cessate, Neutral",vce_neutral,****
346,ADD,"@VFX: Cessate, Negative",vce_negative,****
347,ADD,"@VFX: Cessate, Positive",vce_positive,****
348,ADD,"@VFX: Sonic Rings, Ahead",vca_outsonic,****
349,ADD,"@VFX: Sonic Rings, Behind",zep_vwt_outsoncb,****
350,ADD,"@VFX: Sonic Rings, Down",zep_vwt_outsoncd,****
351,ADD,"@VFX: Sonic Rings, Up",zep_vwt_outsoncu,****
352,ADD,"@VFX: Cone, Acid (laggy)",vca_coneacid01,****
353,ADD,"@VFX: Cone, Cold (laggy)",var_conecold,****
354,ADD,"@VFX: Cone, Disease (laggy)",var_conedisea,****
355,ADD,"@VFX: Cone, Evil (laggy)",vca_coneevil01,****
356,ADD,"@VFX: Cone, Fire (laggy)",var_conefire,****
357,ADD,"@VFX: Cone, Gaze (laggy)",var_conegaze,****
358,ADD,"@VFX: Cone, Nature (laggy)",vca_conenatr01,****
359,ADD,"@VFX: Cone, Poison (laggy)",var_conepois,****
360,ADD,"@VFX: Cone, Prismatic (laggy)",var_conepris,****
361,ADD,"@VFX: Cone, Sonic (laggy)",vca_conesonc01,****
362,ADD,"@VFX: Cone, Sparks (laggy)",var_conespar,****
363,ADD,"@VFX: Gaze, Evil (laggy)",vco_gazeevil,****
364,ADD,"@VFX: Gaze, Holy (laggy)",vco_gazeholy,****
365,ADD,"@VFX: Gaze, Odd (laggy)",vco_gazeodd,****
366,ADD,"@VFX: Gaze, Sonic (laggy)",vco_gazesonc,****
367,ADD,"@VFX: Motes T, Acid",zep_vwt_moacid01,****
368,ADD,"@VFX: Motes T, Cold",zep_vwt_mocold01,****
369,ADD,"@VFX: Motes T, Electric",zep_vwt_moelec01,****
370,ADD,"@VFX: Motes T, Evil",zep_vwt_moevil01,****
371,ADD,"@VFX: Motes T, Fire",zep_vwt_mofire01,****
372,ADD,"@VFX: Motes T, Heal",zep_vwt_moheal01,****
373,ADD,"@VFX: Motes T, Holy",zep_vwt_moholy01,****
374,ADD,"@VFX: Motes T, Mind",zep_vwt_momind01,****
375,ADD,"@VFX: Motes T, Nature",zep_vwt_monatr01,****
376,ADD,"@VFX: Motes T, Odd",zep_vwt_moodd01,****
377,ADD,"@VFX: Motes T, Sonic",zep_vwt_mosonc01,****
378,ADD,"@VFX: Motes S, Acid",zep_vwt_moacid02,****
379,ADD,"@VFX: Motes S, Cold",zep_vwt_mocold02,****
380,ADD,"@VFX: Motes S, Electric",zep_vwt_moelec02,****
381,ADD,"@VFX: Motes S, Evil",zep_vwt_moevil02,****
382,ADD,"@VFX: Motes S, Fire",zep_vwt_mofire02,****
383,ADD,"@VFX: Motes S, Heal",zep_vwt_moheal02,****
384,ADD,"@VFX: Motes S, Holy",zep_vwt_moholy02,****
385,ADD,"@VFX: Motes S, Mind",zep_vwt_momind02,****
386,ADD,"@VFX: Motes S, Nature",zep_vwt_monatr02,****
387,ADD,"@VFX: Motes S, Odd",zep_vwt_moodd02,****
388,ADD,"@VFX: Motes S, Sonic",zep_vwt_mosonc02,****
389,ADD,"@VFX: Motes M, Acid",zep_vwt_moacid03,****
390,ADD,"@VFX: Motes M, Cold",zep_vwt_mocold03,****
391,ADD,"@VFX: Motes M, Electric",zep_vwt_moelec03,****
392,ADD,"@VFX: Motes M, Evil",zep_vwt_moevil03,****
393,ADD,"@VFX: Motes M, Fire",zep_vwt_mofire03,****
394,ADD,"@VFX: Motes M, Heal",zep_vwt_moheal03,****
395,ADD,"@VFX: Motes M, Holy",zep_vwt_moholy03,****
396,ADD,"@VFX: Motes M, Mind",zep_vwt_momind03,****
397,ADD,"@VFX: Motes M, Nature",zep_vwt_monatr03,****
398,ADD,"@VFX: Motes M, Odd",zep_vwt_moodd03,****
399,ADD,"@VFX: Motes M, Sonic",zep_vwt_mosonc03,****
400,ADD,"@VFX: Motes L, Acid",zep_vwt_moacid04,****
401,ADD,"@VFX: Motes L, Cold",zep_vwt_mocold04,****
402,ADD,"@VFX: Motes L, Electric",zep_vwt_moelec04,****
403,ADD,"@VFX: Motes L, Evil",zep_vwt_moevil04,****
404,ADD,"@VFX: Motes L, Fire",zep_vwt_mofire04,****
405,ADD,"@VFX: Motes L, Heal",zep_vwt_moheal04,****
406,ADD,"@VFX: Motes L, Holy",zep_vwt_moholy04,****
407,ADD,"@VFX: Motes L, Mind",zep_vwt_momind04,****
408,ADD,"@VFX: Motes L, Nature",zep_vwt_monatr04,****
409,ADD,"@VFX: Motes L, Odd",zep_vwt_moodd04,****
410,ADD,"@VFX: Motes L, Sonic",zep_vwt_mosonc04,****
411,ADD,"@VFX: Cloud, Acid",vps_fogacid,****
412,ADD,"@VFX: Cloud, Cold",zep_vps_fogcold,****
413,ADD,"@VFX: Cloud, Dispel",zep_vps_fogdisp,****
414,ADD,"@VFX: Cloud, Evil",vps_fogkill,****
415,ADD,"@VFX: Cloud, Fire",vps_fogfire,****
416,ADD,"@VFX: Cloud, Grease",zep_vwt_grease,****
417,ADD,"@VFX: Cloud, Holy",zep_vps_fogholy,****
418,ADD,"@VFX: Cloud, Mind",vps_fogmind,****
419,ADD,"@VFX: Cloud, Nature",vps_fogstink,****
420,ADD,"@VFX: Cloud, Odd",zep_vps_fogodd,****
421,ADD,"@VFX: Cloud, Wind",zep_vps_foggrey,****
422,ADD,"@VFX: Fume, Acid",zep_vps_wallacid,****
423,ADD,"@VFX: Fume, Cold",zep_vps_wallcold,****
424,ADD,"@VFX: Fume, Dispel",zep_vps_walldisp,****
425,ADD,"@VFX: Fume, Evil",zep_vps_wallevil,****
426,ADD,"@VFX: Fume, Fire",vps_wallfire,****
427,ADD,"@VFX: Fume, Holy",zep_vps_wallholy,****
428,ADD,"@VFX: Fume, Mind",zep_vps_wallmind,****
429,ADD,"@VFX: Fume, Nature",zep_vps_wallnatr,****
430,ADD,"@VFX: Fume, Odd",zep_vps_wallodd,****
431,ADD,"@VFX: Cloud, Dust",zep_vps_fogdust,****
432,ADD,"@VFX: Fume, Dust",zep_vps_walldust,****
433,ADD,"@VFX: Vortex, Blue, Dark",zlc_vortex_su,****
434,ADD,"@VFX: Vortex, Blue, Light",zlc_vortex_sb,****
435,ADD,"@VFX: Vortex, Cyan",zlc_vortex_sc,****
436,ADD,"@VFX: Vortex, Green",zlc_vortex_sg,****
437,ADD,"@VFX: Vortex, Orange",zlc_vortex_so,****
438,ADD,"@VFX: Vortex, Purple",zlc_vortex_sp,****
439,ADD,"@VFX: Vortex, Red",zlc_vortex_sr,****
440,ADD,"@VFX: Vortex, Yellow",zlc_vortex_sy,****
441,ADD,"@VFX: Vortex, White",zlc_vortex_sw,****
442,ADD,"Demon Wings: Wendonai",c_wingsWendonai,default
443,ADD,"Demon Wings: Nycaloth",c_wingsNycaloth,default
444,ADD,"Demon Wings: Ape 01",c_wingsApe01,default
445,ADD,"Demon Wings: Ape 02",c_wingsApe02,default
446,ADD,"Demon Wings: Ape 03",c_wingsApe03,default
447,ADD,"Demon Wings: Bar Lgura",c_wingsBarLgura,default
448,ADD,****,CEP_RESERVED,****
449,ADD,****,CEP_RESERVED,****
450,ADD,"@VFX: SrcLight, Black",zlc_srclight_00,****
451,ADD,"@VFX: SrcLight, White D",zlc_srclight_01,****
452,ADD,"@VFX: SrcLight, White N",zlc_srclight_02,****
453,ADD,"@VFX: SrcLight, White B",zlc_srclight_03,****
454,ADD,"@VFX: SrcLight, Yellow L",zlc_srclight_04,****
455,ADD,"@VFX: SrcLight, Yellow D",zlc_srclight_05,****
456,ADD,"@VFX: SrcLight, Yellow P",zlc_srclight_06,****
457,ADD,"@VFX: SrcLight, Yellow N",zlc_srclight_07,****
458,ADD,"@VFX: SrcLight, Green L",zlc_srclight_08,****
459,ADD,"@VFX: SrcLight, Green D",zlc_srclight_09,****
460,ADD,"@VFX: SrcLight, Green P",zlc_srclight_10,****
461,ADD,"@VFX: SrcLight, Green N",zlc_srclight_11,****
462,ADD,"@VFX: SrcLight, Cyan L",zlc_srclight_12,****
463,ADD,"@VFX: SrcLight, Cyan D",zlc_srclight_13,****
464,ADD,"@VFX: SrcLight, Cyan P",zlc_srclight_14,****
465,ADD,"@VFX: SrcLight, Cyan N",zlc_srclight_15,****
466,ADD,"@VFX: SrcLight, Blue L",zlc_srclight_16,****
467,ADD,"@VFX: SrcLight, Blue D",zlc_srclight_17,****
468,ADD,"@VFX: SrcLight, Blue P",zlc_srclight_18,****
469,ADD,"@VFX: SrcLight, Blue N",zlc_srclight_19,****
470,ADD,"@VFX: SrcLight, Purple L",zlc_srclight_20,****
471,ADD,"@VFX: SrcLight, Purple D",zlc_srclight_21,****
472,ADD,"@VFX: SrcLight, Purple P",zlc_srclight_22,****
473,ADD,"@VFX: SrcLight, Purple N",zlc_srclight_23,****
474,ADD,"@VFX: SrcLight, Red L",zlc_srclight_24,****
475,ADD,"@VFX: SrcLight, Red D",zlc_srclight_25,****
476,ADD,"@VFX: SrcLight, Red P",zlc_srclight_26,****
477,ADD,"@VFX: SrcLight, Red N",zlc_srclight_27,****
478,ADD,"@VFX: SrcLight, Orange L",zlc_srclight_28,****
479,ADD,"@VFX: SrcLight, Orange D",zlc_srclight_29,****
480,ADD,"@VFX: SrcLight, Orange P",zlc_srclight_30,****
481,ADD,"@VFX: SrcLight, Orange N",zlc_srclight_31,****
482,ADD,"@VFX: SrcLight, Torch W",zlc_srclight_t1,****
483,ADD,"@VFX: SrcLight, Torch YL",zlc_srclight_t2,****
484,ADD,"@VFX: SrcLight, Torch YP",zlc_srclight_t3,****
485,ADD,"@VFX: Gas Jet, Cold",vff_gascold,****
486,ADD,"@VFX: Gas Jet, Dispel",vff_gasdispel,****
487,ADD,"@VFX: Gas Jet, Flame",vff_gasflame,****
488,ADD,"@VFX: Gas Jet, Holy",vff_gasholy,****
489,ADD,"@VFX: Gas Jet, Odd",vff_gasodd,****
490,ADD,"@VFX: Beam, Black",vim_rayblack,****
491,ADD,"@VFX: Beam, Chain",vim_raychain,****
492,ADD,"@VFX: Beam, Disintegrate",vim_raydisinta,****
493,ADD,"@VFX: Beam, Evil",vim_rayevil,****
494,ADD,"@VFX: Beam, Fire W",vim_rayfire_w,****
495,ADD,"@VFX: Beam, Fire",vim_rayfire,****
496,ADD,"@VFX: Beam, Flame",vim_rayflame,****
497,ADD,"@VFX: Beam, Holy",vim_rayholy,****
498,ADD,"@VFX: Beam, Mind",vim_raymind,****
499,ADD,"@VFX: Beam, Odd",vim_rayodd,****
500,ADD,****,CEP_RESERVED,****
501,ADD,"@VFX: Okto, Barrier 1, Blue",plc_mf261,****
502,ADD,"@VFX: Okto, Barrier 1, Green",plc_mf262,****
503,ADD,"@VFX: Okto, Barrier 1, Purple",plc_mf263,****
504,ADD,"@VFX: Okto, Barrier 1, Red",plc_mf264,****
505,ADD,"@VFX: Okto, Barrier 1, White",plc_mf260,****
506,ADD,"@VFX: Okto, Barrier 1, Yellow",plc_mf265,****
507,ADD,"@VFX: Okto, Barrier 2, Blue",plc_mf273,****
508,ADD,"@VFX: Okto, Barrier 2, Green",plc_mf274,****
509,ADD,"@VFX: Okto, Barrier 2, Purple",plc_mf275,****
510,ADD,"@VFX: Okto, Barrier 2, Red",plc_mf276,****
511,ADD,"@VFX: Okto, Barrier 2, White",plc_mf272,****
512,ADD,"@VFX: Okto, Barrier 2, Yellow",plc_mf277,****
513,ADD,"@VFX: Okto, Barrier 3, Blue",plc_mf291,****
514,ADD,"@VFX: Okto, Barrier 3, Green",plc_mf292,****
515,ADD,"@VFX: Okto, Barrier 3, Purple",plc_mf293,****
516,ADD,"@VFX: Okto, Barrier 3, Red",plc_mf294,****
517,ADD,"@VFX: Okto, Barrier 3, White",plc_mf290,****
518,ADD,"@VFX: Okto, Barrier 3, Yellow",plc_mf295,****
519,ADD,"@VFX: Okto, Cloud, Blue",plc_mf215,****
520,ADD,"@VFX: Okto, Cloud, Green",plc_mf216,****
521,ADD,"@VFX: Okto, Cloud, Purple",plc_mf218,****
522,ADD,"@VFX: Okto, Cloud, Red",plc_mf239,****
523,ADD,"@VFX: Okto, Cloud, White",plc_mf214,****
524,ADD,"@VFX: Okto, Cloud, Yellow",plc_mf217,****
525,ADD,"@VFX: Okto, Drill, Blue",plc_mf279,****
526,ADD,"@VFX: Okto, Drill, Green",plc_mf280,****
527,ADD,"@VFX: Okto, Drill, Purple",plc_mf281,****
528,ADD,"@VFX: Okto, Drill, Red",plc_mf282,****
529,ADD,"@VFX: Okto, Drill, White",plc_mf278,****
530,ADD,"@VFX: Okto, Drill, Yellow",plc_mf283,****
531,ADD,"@VFX: Okto, Fire, Large, Blue",plc_mf316,****
532,ADD,"@VFX: Okto, Fire, Large, Green",plc_mf317,****
533,ADD,"@VFX: Okto, Fire, Large, Purple",plc_mf318,****
534,ADD,"@VFX: Okto, Fire, Large, Red",plc_mf319,****
535,ADD,"@VFX: Okto, Fire, Large, White",plc_mf320,****
536,ADD,"@VFX: Okto, Fire, Large, Yellow",plc_mf321,****
537,ADD,"@VFX: Okto, Fire, Medium, Blue",plc_mf322,****
538,ADD,"@VFX: Okto, Fire, Medium, Green",plc_mf323,****
539,ADD,"@VFX: Okto, Fire, Medium, Purple",plc_mf324,****
540,ADD,"@VFX: Okto, Fire, Medium, Red",plc_mf325,****
541,ADD,"@VFX: Okto, Fire, Medium, White",plc_mf326,****
542,ADD,"@VFX: Okto, Fire, Medium, Yellow",plc_mf327,****
543,ADD,"@VFX: Okto, Fire, Small, Blue",plc_mf328,****
544,ADD,"@VFX: Okto, Fire, Small, Green",plc_mf329,****
545,ADD,"@VFX: Okto, Fire, Small, Purple",plc_mf330,****
546,ADD,"@VFX: Okto, Fire, Small, Red",plc_mf331,****
547,ADD,"@VFX: Okto, Fire, Small, White",plc_mf332,****
548,ADD,"@VFX: Okto, Fire, Small, Yellow",plc_mf333,****
549,ADD,"@VFX: Okto, Fog, Blue",plc_mf230,****
550,ADD,"@VFX: Okto, Fog, Green",plc_mf231,****
551,ADD,"@VFX: Okto, Fog, Purple",plc_mf233,****
552,ADD,"@VFX: Okto, Fog, Red",plc_mf242,****
553,ADD,"@VFX: Okto, Fog, White",plc_mf229,****
554,ADD,"@VFX: Okto, Fog, Yellow",plc_mf232,****
555,ADD,"@VFX: Okto, Fountain 1, Blue",plc_mf178,****
556,ADD,"@VFX: Okto, Fountain 1, Green",plc_mf179,****
557,ADD,"@VFX: Okto, Fountain 1, Purple",plc_mf181,****
558,ADD,"@VFX: Okto, Fountain 1, Red",plc_mf245,****
559,ADD,"@VFX: Okto, Fountain 1, White",plc_mf166,****
560,ADD,"@VFX: Okto, Fountain 1, Yellow",plc_mf180,****
561,ADD,"@VFX: Okto, Fountain 2, Blue",plc_mf186,****
562,ADD,"@VFX: Okto, Fountain 2, Green",plc_mf187,****
563,ADD,"@VFX: Okto, Fountain 2, Purple",plc_mf189,****
564,ADD,"@VFX: Okto, Fountain 2, Red",plc_mf247,****
565,ADD,"@VFX: Okto, Fountain 2, White",plc_mf168,****
566,ADD,"@VFX: Okto, Fountain 2, Yellow",plc_mf188,****
567,ADD,"@VFX: Okto, Ghosts, Blue",plc_mf297,****
568,ADD,"@VFX: Okto, Ghosts, Green",plc_mf298,****
569,ADD,"@VFX: Okto, Ghosts, Purple",plc_mf299,****
570,ADD,"@VFX: Okto, Ghosts, Red",plc_mf300,****
571,ADD,"@VFX: Okto, Ghosts, White",plc_mf296,****
572,ADD,"@VFX: Okto, Ghosts, Yellow",plc_mf301,****
573,ADD,"@VFX: Okto, Light 1, Blue",plc_mf267,****
574,ADD,"@VFX: Okto, Light 1, Green",plc_mf268,****
575,ADD,"@VFX: Okto, Light 1, Purple",plc_mf269,****
576,ADD,"@VFX: Okto, Light 1, Red",plc_mf270,****
577,ADD,"@VFX: Okto, Light 1, White",plc_mf266,****
578,ADD,"@VFX: Okto, Light 1, Yellow",plc_mf271,****
579,ADD,"@VFX: Okto, Light 2, Blue",plc_mf304,****
580,ADD,"@VFX: Okto, Light 2, Green",plc_mf305,****
581,ADD,"@VFX: Okto, Light 2, Purple",plc_mf306,****
582,ADD,"@VFX: Okto, Light 2, Red",plc_mf307,****
583,ADD,"@VFX: Okto, Light 2, White",plc_mf303,****
584,ADD,"@VFX: Okto, Light 2, Yellow",plc_mf308,****
585,ADD,"@VFX: Okto, Light 3, Blue",plc_mf311,****
586,ADD,"@VFX: Okto, Light 3, Green",plc_mf312,****
587,ADD,"@VFX: Okto, Light 3, Purple",plc_mf313,****
588,ADD,"@VFX: Okto, Light 3, Red",plc_mf314,****
589,ADD,"@VFX: Okto, Light 3, White",plc_mf310,****
590,ADD,"@VFX: Okto, Light 3, Yellow",plc_mf315,****
591,ADD,"@VFX: Okto, Portal 1, Blue",plc_mf174,****
592,ADD,"@VFX: Okto, Portal 1, Green",plc_mf175,****
593,ADD,"@VFX: Okto, Portal 1, Purple",plc_mf177,****
594,ADD,"@VFX: Okto, Portal 1, Red",plc_mf244,****
595,ADD,"@VFX: Okto, Portal 1, White",plc_mf165,****
596,ADD,"@VFX: Okto, Portal 1, Yellow",plc_mf176,****
597,ADD,"@VFX: Okto, Portal 2, Blue",plc_mf190,****
598,ADD,"@VFX: Okto, Portal 2, Green",plc_mf191,****
599,ADD,"@VFX: Okto, Portal 2, Purple",plc_mf193,****
600,ADD,"@VFX: Okto, Portal 2, Red",plc_mf248,****
601,ADD,"@VFX: Okto, Portal 2, White",plc_mf164,****
602,ADD,"@VFX: Okto, Portal 2, Yellow",plc_mf192,****
603,ADD,"@VFX: Okto, Portal 3, Blue",plc_mf210,****
604,ADD,"@VFX: Okto, Portal 3, Green",plc_mf211,****
605,ADD,"@VFX: Okto, Portal 3, Purple",plc_mf213,****
606,ADD,"@VFX: Okto, Portal 3, Red",plc_mf253,****
607,ADD,"@VFX: Okto, Portal 3, White",plc_mf173,****
608,ADD,"@VFX: Okto, Portal 3, Yellow",plc_mf212,****
609,ADD,"@VFX: Okto, Portal 4, Blue",plc_mf285,****
610,ADD,"@VFX: Okto, Portal 4, Green",plc_mf286,****
611,ADD,"@VFX: Okto, Portal 4, Purple",plc_mf287,****
612,ADD,"@VFX: Okto, Portal 4, Red",plc_mf288,****
613,ADD,"@VFX: Okto, Portal 4, White",plc_mf284,****
614,ADD,"@VFX: Okto, Portal 4, Yellow",plc_mf289,****
615,ADD,"@VFX: Okto, Portal 5, Blue",plc_mf335,****
616,ADD,"@VFX: Okto, Portal 5, Green",plc_mf336,****
617,ADD,"@VFX: Okto, Portal 5, Purple",plc_mf337,****
618,ADD,"@VFX: Okto, Portal 5, Red",plc_mf334,****
619,ADD,"@VFX: Okto, Portal 5, White",plc_mf338,****
620,ADD,"@VFX: Okto, Portal 5, Yellow",plc_mf339,****
621,ADD,"@VFX: Okto, Portal 6, Blue",plc_mf341,****
622,ADD,"@VFX: Okto, Portal 6, Green",plc_mf342,****
623,ADD,"@VFX: Okto, Portal 6, Purple",plc_mf343,****
624,ADD,"@VFX: Okto, Portal 6, Red",plc_mf340,****
625,ADD,"@VFX: Okto, Portal 6, White",plc_mf344,****
626,ADD,"@VFX: Okto, Portal 6, Yellow",plc_mf345,****
627,ADD,"@VFX: Okto, Smoke 1, Blue",plc_mf220,****
628,ADD,"@VFX: Okto, Smoke 1, Green",plc_mf221,****
629,ADD,"@VFX: Okto, Smoke 1, Purple",plc_mf223,****
630,ADD,"@VFX: Okto, Smoke 1, Red",plc_mf240,****
631,ADD,"@VFX: Okto, Smoke 1, White",plc_mf219,****
632,ADD,"@VFX: Okto, Smoke 1, Yellow",plc_mf222,****
633,ADD,"@VFX: Okto, Smoke 2, Blue",plc_mf225,****
634,ADD,"@VFX: Okto, Smoke 2, Green",plc_mf226,****
635,ADD,"@VFX: Okto, Smoke 2, Purple",plc_mf228,****
636,ADD,"@VFX: Okto, Smoke 2, Red",plc_mf241,****
637,ADD,"@VFX: Okto, Smoke 2, White",plc_mf224,****
638,ADD,"@VFX: Okto, Smoke 2, Yellow",plc_mf227,****
639,ADD,"@VFX: Okto, Smoke 3, Blue",plc_mf235,****
640,ADD,"@VFX: Okto, Smoke 3, Green",plc_mf236,****
641,ADD,"@VFX: Okto, Smoke 3, Purple",plc_mf238,****
642,ADD,"@VFX: Okto, Smoke 3, Red",plc_mf243,****
643,ADD,"@VFX: Okto, Smoke 3, White",plc_mf234,****
644,ADD,"@VFX: Okto, Smoke 3, Yellow",plc_mf237,****
645,ADD,"@VFX: Okto, Sparkles 1, Blue",plc_mf182,****
646,ADD,"@VFX: Okto, Sparkles 1, Green",plc_mf183,****
647,ADD,"@VFX: Okto, Sparkles 1, Purple",plc_mf185,****
648,ADD,"@VFX: Okto, Sparkles 1, Red",plc_mf246,****
649,ADD,"@VFX: Okto, Sparkles 1, White",plc_mf167,****
650,ADD,"@VFX: Okto, Sparkles 1, Yellow",plc_mf184,****
651,ADD,"@VFX: Okto, Sparkles 2, Blue",plc_mf194,****
652,ADD,"@VFX: Okto, Sparkles 2, Green",plc_mf195,****
653,ADD,"@VFX: Okto, Sparkles 2, Purple",plc_mf197,****
654,ADD,"@VFX: Okto, Sparkles 2, Red",plc_mf249,****
655,ADD,"@VFX: Okto, Sparkles 2, White",plc_mf169,****
656,ADD,"@VFX: Okto, Sparkles 2, Yellow",plc_mf196,****
657,ADD,"@VFX: Okto, Sparkles 3, Blue",plc_mf206,****
658,ADD,"@VFX: Okto, Sparkles 3, Green",plc_mf207,****
659,ADD,"@VFX: Okto, Sparkles 3, Purple",plc_mf209,****
660,ADD,"@VFX: Okto, Sparkles 3, Red",plc_mf252,****
661,ADD,"@VFX: Okto, Sparkles 3, White",plc_mf172,****
662,ADD,"@VFX: Okto, Sparkles 3, Yellow",plc_mf208,****
663,ADD,"@VFX: Okto, Sparkles 4, Blue",plc_mf255,****
664,ADD,"@VFX: Okto, Sparkles 4, Green",plc_mf256,****
665,ADD,"@VFX: Okto, Sparkles 4, Purple",plc_mf257,****
666,ADD,"@VFX: Okto, Sparkles 4, Red",plc_mf258,****
667,ADD,"@VFX: Okto, Sparkles 4, White",plc_mf254,****
668,ADD,"@VFX: Okto, Sparkles 4, Yellow",plc_mf259,****
669,ADD,"@VFX: Okto, Strange 1, Blue",plc_mf198,****
670,ADD,"@VFX: Okto, Strange 1, Green",plc_mf199,****
671,ADD,"@VFX: Okto, Strange 1, Purple",plc_mf201,****
672,ADD,"@VFX: Okto, Strange 1, Red",plc_mf250,****
673,ADD,"@VFX: Okto, Strange 1, White",plc_mf170,****
674,ADD,"@VFX: Okto, Strange 1, Yellow",plc_mf200,****
675,ADD,"@VFX: Okto, Strange 2, Blue",plc_mf202,****
676,ADD,"@VFX: Okto, Strange 2, Green",plc_mf203,****
677,ADD,"@VFX: Okto, Strange 2, Purple",plc_mf205,****
678,ADD,"@VFX: Okto, Strange 2, Red",plc_mf251,****
679,ADD,"@VFX: Okto, Strange 2, White",plc_mf171,****
680,ADD,"@VFX: Okto, Strange 2, Yellow",plc_mf204,****
681,ADD,"@VFX: Tendrils, Acid",zep_vwt_teacid01,****
682,ADD,"@VFX: Tendrils, Cold",zep_vwt_tecold01,****
683,ADD,"@VFX: Tendrils, Electric",zep_vwt_teelec01,****
684,ADD,"@VFX: Tendrils, Evil",zep_vwt_teevil01,****
685,ADD,"@VFX: Tendrils, Fire",zep_vwt_tefire01,****
686,ADD,"@VFX: Tendrils, Heal",zep_vwt_teheal01,****
687,ADD,"@VFX: Tendrils, Holy",zep_vwt_teholy01,****
688,ADD,"@VFX: Tendrils, Mind",zep_vwt_temind01,****
689,ADD,"@VFX: Tendrils, Nature",zep_vwt_tenatr01,****
690,ADD,"@VFX: Tendrils, Odd",zep_vwt_teodd01,****
691,ADD,"@VFX: Tendrils, Sonic",zep_vwt_tesonc01,****
692,ADD,"@VFX: Tendrils, Black",zep_vwt_teblac01,****
693,ADD,"@VFX: Tendrils, Blue",zep_vwt_teblue01,****
694,ADD,"@VFX: Tendrils, Cyan",zep_vwt_tecyan01,****
695,ADD,"@VFX: Tendrils, Green",zep_vwt_tegren01,****
696,ADD,"@VFX: Tendrils, Olive",zep_vwt_teoliv01,****
697,ADD,"@VFX: Tendrils, Orange",zep_vwt_teorng01,****
698,ADD,"@VFX: Tendrils, Pink",zep_vwt_tepink01,****
699,ADD,"@VFX: Tendrils, Purple",zep_vwt_tepurp01,****
700,ADD,"@VFX: Tendrils, Red",zep_vwt_tered01,****
701,ADD,"@VFX: Tendrils, White",zep_vwt_tewhit01,****
702,ADD,"@VFX: Tendrils, Yellow",zep_vwt_teyelo01,****
703,ADD,"@VFX: Tendrils, Luminous",zep_vwt_telumi01,****
704,ADD,"@VFX: Tendrils, Prismatic",zep_vwt_tepris01,****
705,ADD,"@VFX: Motes T, Black",zep_vwt_moblac01,****
706,ADD,"@VFX: Motes S, Black",zep_vwt_moblac02,****
707,ADD,"@VFX: Motes M, Black",zep_vwt_moblac03,****
708,ADD,"@VFX: Motes L, Black",zep_vwt_moblac04,****
709,ADD,"@VFX: Motes T, Prismatic",zep_vwt_mopris01,****
710,ADD,"@VFX: Motes S, Prismatic",zep_vwt_mopris02,****
711,ADD,"@VFX: Motes M, Prismatic",zep_vwt_mopris03,****
712,ADD,"@VFX: Motes L, Prismatic",zep_vwt_mopris04,****
713,ADD,****,CEP_RESERVED,****
714,ADD,****,CEP_RESERVED,****
715,ADD,****,CEP_RESERVED,****
716,ADD,****,CEP_RESERVED,****
717,ADD,****,CEP_RESERVED,****
718,ADD,****,CEP_RESERVED,****
719,ADD,****,CEP_RESERVED,****
720,ADD,****,CEP_RESERVED,****
721,ADD,****,CEP_RESERVED,****
722,ADD,****,CEP_RESERVED,****
723,ADD,****,CEP_RESERVED,****
724,ADD,****,CEP_RESERVED,****
725,ADD,****,CEP_RESERVED,****
726,ADD,****,CEP_RESERVED,****
727,ADD,****,CEP_RESERVED,****
728,ADD,****,CEP_RESERVED,****
729,ADD,****,CEP_RESERVED,****
730,ADD,****,CEP_RESERVED,****
731,ADD,****,CEP_RESERVED,****
732,ADD,****,CEP_RESERVED,****
733,ADD,****,CEP_RESERVED,****
734,ADD,****,CEP_RESERVED,****
735,ADD,****,CEP_RESERVED,****
736,ADD,****,CEP_RESERVED,****
737,ADD,****,CEP_RESERVED,****
738,ADD,****,CEP_RESERVED,****
739,ADD,****,CEP_RESERVED,****
740,ADD,****,CEP_RESERVED,****
741,ADD,****,CEP_RESERVED,****
742,ADD,****,CEP_RESERVED,****
743,ADD,****,CEP_RESERVED,****
744,ADD,****,CEP_RESERVED,****
745,ADD,****,CEP_RESERVED,****
746,ADD,****,CEP_RESERVED,****
747,ADD,****,CEP_RESERVED,****
748,ADD,****,CEP_RESERVED,****
749,ADD,****,CEP_RESERVED,****
750,ADD,****,CEP_RESERVED,****
751,ADD,****,CEP_RESERVED,****
752,ADD,****,CEP_RESERVED,****
753,ADD,****,CEP_RESERVED,****
754,ADD,****,CEP_RESERVED,****
755,ADD,****,CEP_RESERVED,****
756,ADD,****,CEP_RESERVED,****
757,ADD,****,CEP_RESERVED,****
758,ADD,****,CEP_RESERVED,****
759,ADD,****,CEP_RESERVED,****
760,ADD,****,CEP_RESERVED,****
761,ADD,****,CEP_RESERVED,****
762,ADD,****,CEP_RESERVED,****
763,ADD,****,CEP_RESERVED,****
764,ADD,****,CEP_RESERVED,****
765,ADD,****,CEP_RESERVED,****
766,ADD,****,CEP_RESERVED,****
767,ADD,****,CEP_RESERVED,****
768,ADD,****,CEP_RESERVED,****
769,ADD,****,CEP_RESERVED,****
770,ADD,****,CEP_RESERVED,****
771,ADD,****,CEP_RESERVED,****
772,ADD,****,CEP_RESERVED,****
773,ADD,****,CEP_RESERVED,****
774,ADD,****,CEP_RESERVED,****
775,ADD,****,CEP_RESERVED,****
776,ADD,****,CEP_RESERVED,****
777,ADD,****,CEP_RESERVED,****
778,ADD,****,CEP_RESERVED,****
779,ADD,****,CEP_RESERVED,****
780,ADD,****,CEP_RESERVED,****
781,ADD,****,CEP_RESERVED,****
782,ADD,****,CEP_RESERVED,****
783,ADD,****,CEP_RESERVED,****
784,ADD,****,CEP_RESERVED,****
785,ADD,****,CEP_RESERVED,****
786,ADD,****,CEP_RESERVED,****
787,ADD,****,CEP_RESERVED,****
788,ADD,****,CEP_RESERVED,****
789,ADD,****,CEP_RESERVED,****
790,ADD,****,CEP_RESERVED,****
791,ADD,****,CEP_RESERVED,****
792,ADD,****,CEP_RESERVED,****
793,ADD,****,CEP_RESERVED,****
794,ADD,****,CEP_RESERVED,****
795,ADD,****,CEP_RESERVED,****
796,ADD,****,CEP_RESERVED,****
797,ADD,****,CEP_RESERVED,****
798,ADD,****,CEP_RESERVED,****
799,ADD,****,CEP_RESERVED,****
800,ADD,****,CEP_RESERVED,****
801,ADD,****,CEP_RESERVED,****
802,ADD,****,CEP_RESERVED,****
803,ADD,****,CEP_RESERVED,****
804,ADD,****,CEP_RESERVED,****
805,ADD,****,CEP_RESERVED,****
806,ADD,****,CEP_RESERVED,****
807,ADD,****,CEP_RESERVED,****
808,ADD,****,CEP_RESERVED,****
809,ADD,****,CEP_RESERVED,****
810,ADD,****,CEP_RESERVED,****
811,ADD,****,CEP_RESERVED,****
812,ADD,****,CEP_RESERVED,****
813,ADD,****,CEP_RESERVED,****
814,ADD,****,CEP_RESERVED,****
815,ADD,****,CEP_RESERVED,****
816,ADD,****,CEP_RESERVED,****
817,ADD,****,CEP_RESERVED,****
818,ADD,****,CEP_RESERVED,****
819,ADD,****,CEP_RESERVED,****
820,ADD,****,CEP_RESERVED,****
821,ADD,****,CEP_RESERVED,****
822,ADD,****,CEP_RESERVED,****
823,ADD,****,CEP_RESERVED,****
824,ADD,****,CEP_RESERVED,****
825,ADD,****,CEP_RESERVED,****
826,ADD,****,CEP_RESERVED,****
827,ADD,****,CEP_RESERVED,****
828,ADD,****,CEP_RESERVED,****
829,ADD,****,CEP_RESERVED,****
830,ADD,****,CEP_RESERVED,****
831,ADD,****,CEP_RESERVED,****
832,ADD,****,CEP_RESERVED,****
833,ADD,****,CEP_RESERVED,****
834,ADD,****,CEP_RESERVED,****
835,ADD,****,CEP_RESERVED,****
836,ADD,****,CEP_RESERVED,****
837,ADD,****,CEP_RESERVED,****
838,ADD,****,CEP_RESERVED,****
839,ADD,****,CEP_RESERVED,****
840,ADD,****,CEP_RESERVED,****
841,ADD,****,CEP_RESERVED,****
842,ADD,****,CEP_RESERVED,****
843,ADD,****,CEP_RESERVED,****
844,ADD,****,CEP_RESERVED,****
845,ADD,****,CEP_RESERVED,****
846,ADD,****,CEP_RESERVED,****
847,ADD,****,CEP_RESERVED,****
848,ADD,****,CEP_RESERVED,****
849,ADD,****,CEP_RESERVED,****
850,ADD,****,CEP_RESERVED,****
851,ADD,****,CEP_RESERVED,****
852,ADD,****,CEP_RESERVED,****
853,ADD,****,CEP_RESERVED,****
854,ADD,****,CEP_RESERVED,****
855,ADD,****,CEP_RESERVED,****
856,ADD,****,CEP_RESERVED,****
857,ADD,****,CEP_RESERVED,****
858,ADD,****,CEP_RESERVED,****
859,ADD,****,CEP_RESERVED,****
860,ADD,****,CEP_RESERVED,****
861,ADD,****,CEP_RESERVED,****
862,ADD,****,CEP_RESERVED,****
863,ADD,****,CEP_RESERVED,****
864,ADD,****,CEP_RESERVED,****
865,ADD,****,CEP_RESERVED,****
866,ADD,****,CEP_RESERVED,****
867,ADD,****,CEP_RESERVED,****
868,ADD,****,CEP_RESERVED,****
869,ADD,****,CEP_RESERVED,****
870,ADD,****,CEP_RESERVED,****
871,ADD,****,CEP_RESERVED,****
872,ADD,****,CEP_RESERVED,****
873,ADD,****,CEP_RESERVED,****
874,ADD,****,CEP_RESERVED,****
875,ADD,****,CEP_RESERVED,****
876,ADD,****,CEP_RESERVED,****
877,ADD,****,CEP_RESERVED,****
878,ADD,****,CEP_RESERVED,****
879,ADD,****,CEP_RESERVED,****
880,ADD,****,CEP_RESERVED,****
881,ADD,****,CEP_RESERVED,****
882,ADD,****,CEP_RESERVED,****
883,ADD,****,CEP_RESERVED,****
884,ADD,****,CEP_RESERVED,****
885,ADD,****,CEP_RESERVED,****
886,ADD,****,CEP_RESERVED,****
887,ADD,****,CEP_RESERVED,****
888,ADD,****,CEP_RESERVED,****
889,ADD,****,CEP_RESERVED,****
890,ADD,****,CEP_RESERVED,****
891,ADD,****,CEP_RESERVED,****
892,ADD,****,CEP_RESERVED,****
893,ADD,****,CEP_RESERVED,****
894,ADD,****,CEP_RESERVED,****
895,ADD,****,CEP_RESERVED,****
896,ADD,****,CEP_RESERVED,****
897,ADD,****,CEP_RESERVED,****
898,ADD,****,CEP_RESERVED,****
899,ADD,****,CEP_RESERVED,****
900,ADD,****,CEP_RESERVED,****
901,ADD,****,CEP_RESERVED,****
902,ADD,****,CEP_RESERVED,****
903,ADD,****,CEP_RESERVED,****
904,ADD,****,CEP_RESERVED,****
905,ADD,****,CEP_RESERVED,****
906,ADD,****,CEP_RESERVED,****
907,ADD,****,CEP_RESERVED,****
908,ADD,****,CEP_RESERVED,****
909,ADD,****,CEP_RESERVED,****
910,ADD,****,CEP_RESERVED,****
911,ADD,****,CEP_RESERVED,****
912,ADD,****,CEP_RESERVED,****
913,ADD,****,CEP_RESERVED,****
914,ADD,****,CEP_RESERVED,****
915,ADD,****,CEP_RESERVED,****
916,ADD,****,CEP_RESERVED,****
917,ADD,****,CEP_RESERVED,****
918,ADD,****,CEP_RESERVED,****
919,ADD,****,CEP_RESERVED,****
920,ADD,****,CEP_RESERVED,****
921,ADD,****,CEP_RESERVED,****
922,ADD,****,CEP_RESERVED,****
923,ADD,****,CEP_RESERVED,****
924,ADD,****,CEP_RESERVED,****
925,ADD,****,CEP_RESERVED,****
926,ADD,****,CEP_RESERVED,****
927,ADD,****,CEP_RESERVED,****
928,ADD,****,CEP_RESERVED,****
929,ADD,****,CEP_RESERVED,****
930,ADD,****,CEP_RESERVED,****
931,ADD,****,CEP_RESERVED,****
932,ADD,****,CEP_RESERVED,****
933,ADD,****,CEP_RESERVED,****
934,ADD,****,CEP_RESERVED,****
935,ADD,****,CEP_RESERVED,****
936,ADD,****,CEP_RESERVED,****
937,ADD,****,CEP_RESERVED,****
938,ADD,****,CEP_RESERVED,****
939,ADD,****,CEP_RESERVED,****
940,ADD,****,CEP_RESERVED,****
941,ADD,****,CEP_RESERVED,****
942,ADD,****,CEP_RESERVED,****
943,ADD,****,CEP_RESERVED,****
944,ADD,****,CEP_RESERVED,****
945,ADD,****,CEP_RESERVED,****
946,ADD,****,CEP_RESERVED,****
947,ADD,****,CEP_RESERVED,****
948,ADD,****,CEP_RESERVED,****
949,ADD,****,CEP_RESERVED,****
950,ADD,****,CEP_RESERVED,****
951,ADD,****,CEP_RESERVED,****
952,ADD,****,CEP_RESERVED,****
953,ADD,****,CEP_RESERVED,****
954,ADD,****,CEP_RESERVED,****
955,ADD,****,CEP_RESERVED,****
956,ADD,****,CEP_RESERVED,****
957,ADD,****,CEP_RESERVED,****
958,ADD,****,CEP_RESERVED,****
959,ADD,****,CEP_RESERVED,****
960,ADD,****,CEP_RESERVED,****
961,ADD,****,CEP_RESERVED,****
962,ADD,****,CEP_RESERVED,****
963,ADD,****,CEP_RESERVED,****
964,ADD,****,CEP_RESERVED,****
965,ADD,****,CEP_RESERVED,****
966,ADD,****,CEP_RESERVED,****
967,ADD,****,CEP_RESERVED,****
968,ADD,****,CEP_RESERVED,****
969,ADD,****,CEP_RESERVED,****
970,ADD,****,CEP_RESERVED,****
971,ADD,****,CEP_RESERVED,****
972,ADD,****,CEP_RESERVED,****
973,ADD,****,CEP_RESERVED,****
974,ADD,****,CEP_RESERVED,****
975,ADD,****,CEP_RESERVED,****
976,ADD,****,CEP_RESERVED,****
977,ADD,****,CEP_RESERVED,****
978,ADD,****,CEP_RESERVED,****
979,ADD,****,CEP_RESERVED,****
980,ADD,****,CEP_RESERVED,****
981,ADD,****,CEP_RESERVED,****
982,ADD,****,CEP_RESERVED,****
983,ADD,****,CEP_RESERVED,****
984,ADD,****,CEP_RESERVED,****
985,ADD,****,CEP_RESERVED,****
986,ADD,****,CEP_RESERVED,****
987,ADD,****,CEP_RESERVED,****
988,ADD,****,CEP_RESERVED,****
989,ADD,****,CEP_RESERVED,****
990,ADD,****,CEP_RESERVED,****
991,ADD,****,CEP_RESERVED,****
992,ADD,****,CEP_RESERVED,****
993,ADD,****,CEP_RESERVED,****
994,ADD,****,CEP_RESERVED,****
995,ADD,****,CEP_RESERVED,****
996,ADD,****,CEP_RESERVED,****
997,ADD,****,CEP_RESERVED,****
998,ADD,****,CEP_RESERVED,****
999,ADD,****,CEP_RESERVED,****
1000,ADD,****,CEP_RESERVED,****
1001,ADD,****,CEP_RESERVED,****
1002,ADD,****,CEP_RESERVED,****
1003,ADD,****,CEP_RESERVED,****
1004,ADD,****,CEP_RESERVED,****
1005,ADD,****,CEP_RESERVED,****
1006,ADD,****,CEP_RESERVED,****
1007,ADD,****,CEP_RESERVED,****
1008,ADD,****,CEP_RESERVED,****
1009,ADD,****,CEP_RESERVED,****
1010,ADD,****,CEP_RESERVED,****
1011,ADD,****,CEP_RESERVED,****
1012,ADD,****,CEP_RESERVED,****
1013,ADD,****,CEP_RESERVED,****
1014,ADD,****,CEP_RESERVED,****
1015,ADD,****,CEP_RESERVED,****
1016,ADD,****,CEP_RESERVED,****
1017,ADD,****,CEP_RESERVED,****
1018,ADD,****,CEP_RESERVED,****
1019,ADD,****,CEP_RESERVED,****
1020,ADD,****,CEP_RESERVED,****
1021,ADD,****,CEP_RESERVED,****
1022,ADD,****,CEP_RESERVED,****
1023,ADD,****,CEP_RESERVED,****
1024,ADD,****,CEP_RESERVED,****
1025,ADD,****,CEP_RESERVED,****
1026,ADD,****,CEP_RESERVED,****
1027,ADD,****,CEP_RESERVED,****
1028,ADD,****,CEP_RESERVED,****
1029,ADD,****,CEP_RESERVED,****
1030,ADD,****,CEP_RESERVED,****
1031,ADD,****,CEP_RESERVED,****
1032,ADD,****,CEP_RESERVED,****
1033,ADD,****,CEP_RESERVED,****
1034,ADD,****,CEP_RESERVED,****
1035,ADD,****,CEP_RESERVED,****
1036,ADD,****,CEP_RESERVED,****
1037,ADD,****,CEP_RESERVED,****
1038,ADD,****,CEP_RESERVED,****
1039,ADD,****,CEP_RESERVED,****
1040,ADD,****,CEP_RESERVED,****
1041,ADD,****,CEP_RESERVED,****
1042,ADD,****,CEP_RESERVED,****
1043,ADD,****,CEP_RESERVED,****
1044,ADD,****,CEP_RESERVED,****
1045,ADD,****,CEP_RESERVED,****
1046,ADD,****,CEP_RESERVED,****
1047,ADD,****,CEP_RESERVED,****
1048,ADD,****,CEP_RESERVED,****
1049,ADD,****,CEP_RESERVED,****
1050,ADD,****,CEP_RESERVED,****
1051,ADD,****,CEP_RESERVED,****
1052,ADD,****,CEP_RESERVED,****
1053,ADD,****,CEP_RESERVED,****
1054,ADD,****,CEP_RESERVED,****
1055,ADD,****,CEP_RESERVED,****
1056,ADD,****,CEP_RESERVED,****
1057,ADD,****,CEP_RESERVED,****
1058,ADD,****,CEP_RESERVED,****
1059,ADD,****,CEP_RESERVED,****
1060,ADD,****,CEP_RESERVED,****
1061,ADD,****,CEP_RESERVED,****
1062,ADD,****,CEP_RESERVED,****
1063,ADD,****,CEP_RESERVED,****
1064,ADD,****,CEP_RESERVED,****
1065,ADD,****,CEP_RESERVED,****
1066,ADD,****,CEP_RESERVED,****
1067,ADD,****,CEP_RESERVED,****
1068,ADD,****,CEP_RESERVED,****
1069,ADD,****,CEP_RESERVED,****
1070,ADD,****,CEP_RESERVED,****
1071,ADD,****,CEP_RESERVED,****
1072,ADD,****,CEP_RESERVED,****
1073,ADD,****,CEP_RESERVED,****
1074,ADD,****,CEP_RESERVED,****
1075,ADD,****,CEP_RESERVED,****
1076,ADD,****,CEP_RESERVED,****
1077,ADD,****,CEP_RESERVED,****
1078,ADD,****,CEP_RESERVED,****
1079,ADD,****,CEP_RESERVED,****
1080,ADD,****,CEP_RESERVED,****
1081,ADD,****,CEP_RESERVED,****
1082,ADD,****,CEP_RESERVED,****
1083,ADD,****,CEP_RESERVED,****
1084,ADD,****,CEP_RESERVED,****
1085,ADD,****,CEP_RESERVED,****
1086,ADD,****,CEP_RESERVED,****
1087,ADD,****,CEP_RESERVED,****
1088,ADD,****,CEP_RESERVED,****
1089,ADD,****,CEP_RESERVED,****
1090,ADD,****,CEP_RESERVED,****
1091,ADD,****,CEP_RESERVED,****
1092,ADD,****,CEP_RESERVED,****
1093,ADD,****,CEP_RESERVED,****
1094,ADD,****,CEP_RESERVED,****
1095,ADD,****,CEP_RESERVED,****
1096,ADD,****,CEP_RESERVED,****
1097,ADD,****,CEP_RESERVED,****
1098,ADD,****,CEP_RESERVED,****
1099,ADD,****,CEP_RESERVED,****
1100,ADD,****,CEP_RESERVED,****
1101,ADD,****,CEP_RESERVED,****
1102,ADD,****,CEP_RESERVED,****
1103,ADD,****,CEP_RESERVED,****
1104,ADD,****,CEP_RESERVED,****
1105,ADD,****,CEP_RESERVED,****
1106,ADD,****,CEP_RESERVED,****
1107,ADD,****,CEP_RESERVED,****
1108,ADD,****,CEP_RESERVED,****
1109,ADD,****,CEP_RESERVED,****
1110,ADD,****,CEP_RESERVED,****
1111,ADD,****,CEP_RESERVED,****
1112,ADD,****,CEP_RESERVED,****
1113,ADD,****,CEP_RESERVED,****
1114,ADD,****,CEP_RESERVED,****
1115,ADD,****,CEP_RESERVED,****
1116,ADD,****,CEP_RESERVED,****
1117,ADD,****,CEP_RESERVED,****
1118,ADD,****,CEP_RESERVED,****
1119,ADD,****,CEP_RESERVED,****
1120,ADD,****,CEP_RESERVED,****
1121,ADD,****,CEP_RESERVED,****
1122,ADD,****,CEP_RESERVED,****
1123,ADD,****,CEP_RESERVED,****
1124,ADD,****,CEP_RESERVED,****
1125,ADD,****,CEP_RESERVED,****
1126,ADD,****,CEP_RESERVED,****
1127,ADD,****,CEP_RESERVED,****
1128,ADD,****,CEP_RESERVED,****
1129,ADD,****,CEP_RESERVED,****
1130,ADD,****,CEP_RESERVED,****
1131,ADD,****,CEP_RESERVED,****
1132,ADD,****,CEP_RESERVED,****
1133,ADD,****,CEP_RESERVED,****
1134,ADD,****,CEP_RESERVED,****
1135,ADD,****,CEP_RESERVED,****
1136,ADD,****,CEP_RESERVED,****
1137,ADD,****,CEP_RESERVED,****
1138,ADD,****,CEP_RESERVED,****
1139,ADD,****,CEP_RESERVED,****
1140,ADD,****,CEP_RESERVED,****
1141,ADD,****,CEP_RESERVED,****
1142,ADD,****,CEP_RESERVED,****
1143,ADD,****,CEP_RESERVED,****
1144,ADD,****,CEP_RESERVED,****
1145,ADD,****,CEP_RESERVED,****
1146,ADD,****,CEP_RESERVED,****
1147,ADD,****,CEP_RESERVED,****
1148,ADD,****,CEP_RESERVED,****
1149,ADD,****,CEP_RESERVED,****
1150,ADD,****,CEP_RESERVED,****
1151,ADD,****,CEP_RESERVED,****
1152,ADD,****,CEP_RESERVED,****
1153,ADD,****,CEP_RESERVED,****
1154,ADD,****,CEP_RESERVED,****
1155,ADD,****,CEP_RESERVED,****
1156,ADD,****,CEP_RESERVED,****
1157,ADD,****,CEP_RESERVED,****
1158,ADD,****,CEP_RESERVED,****
1159,ADD,****,CEP_RESERVED,****
1160,ADD,****,CEP_RESERVED,****
1161,ADD,****,CEP_RESERVED,****
1162,ADD,****,CEP_RESERVED,****
1163,ADD,****,CEP_RESERVED,****
1164,ADD,****,CEP_RESERVED,****
1165,ADD,****,CEP_RESERVED,****
1166,ADD,****,CEP_RESERVED,****
1167,ADD,****,CEP_RESERVED,****
1168,ADD,****,CEP_RESERVED,****
1169,ADD,****,CEP_RESERVED,****
1170,ADD,****,CEP_RESERVED,****
1171,ADD,****,CEP_RESERVED,****
1172,ADD,****,CEP_RESERVED,****
1173,ADD,****,CEP_RESERVED,****
1174,ADD,****,CEP_RESERVED,****
1175,ADD,****,CEP_RESERVED,****
1176,ADD,****,CEP_RESERVED,****
1177,ADD,****,CEP_RESERVED,****
1178,ADD,****,CEP_RESERVED,****
1179,ADD,****,CEP_RESERVED,****
1180,ADD,****,CEP_RESERVED,****
1181,ADD,****,CEP_RESERVED,****
1182,ADD,****,CEP_RESERVED,****
1183,ADD,****,CEP_RESERVED,****
1184,ADD,****,CEP_RESERVED,****
1185,ADD,****,CEP_RESERVED,****
1186,ADD,****,CEP_RESERVED,****
1187,ADD,****,CEP_RESERVED,****
1188,ADD,****,CEP_RESERVED,****
1189,ADD,****,CEP_RESERVED,****
1190,ADD,****,CEP_RESERVED,****
1191,ADD,****,CEP_RESERVED,****
1192,ADD,****,CEP_RESERVED,****
1193,ADD,****,CEP_RESERVED,****
1194,ADD,****,CEP_RESERVED,****
1195,ADD,****,CEP_RESERVED,****
1196,ADD,****,CEP_RESERVED,****
1197,ADD,****,CEP_RESERVED,****
1198,ADD,****,CEP_RESERVED,****
1199,ADD,****,CEP_RESERVED,****
1200,ADD,****,CEP_RESERVED,****
1201,ADD,****,CEP_RESERVED,****
1202,ADD,****,CEP_RESERVED,****
1203,ADD,****,CEP_RESERVED,****
1204,ADD,****,CEP_RESERVED,****
1205,ADD,****,CEP_RESERVED,****
1206,ADD,****,CEP_RESERVED,****
1207,ADD,****,CEP_RESERVED,****
1208,ADD,****,CEP_RESERVED,****
1209,ADD,****,CEP_RESERVED,****
1210,ADD,****,CEP_RESERVED,****
1211,ADD,****,CEP_RESERVED,****
1212,ADD,****,CEP_RESERVED,****
1213,ADD,****,CEP_RESERVED,****
1214,ADD,****,CEP_RESERVED,****
1215,ADD,****,CEP_RESERVED,****
1216,ADD,****,CEP_RESERVED,****
1217,ADD,****,CEP_RESERVED,****
1218,ADD,****,CEP_RESERVED,****
1219,ADD,****,CEP_RESERVED,****
1220,ADD,****,CEP_RESERVED,****
1221,ADD,****,CEP_RESERVED,****
1222,ADD,****,CEP_RESERVED,****
1223,ADD,****,CEP_RESERVED,****
1224,ADD,****,CEP_RESERVED,****
1225,ADD,****,CEP_RESERVED,****
1226,ADD,****,CEP_RESERVED,****
1227,ADD,****,CEP_RESERVED,****
1228,ADD,****,CEP_RESERVED,****
1229,ADD,****,CEP_RESERVED,****
1230,ADD,****,CEP_RESERVED,****
1231,ADD,****,CEP_RESERVED,****
1232,ADD,****,CEP_RESERVED,****
1233,ADD,****,CEP_RESERVED,****
1234,ADD,****,CEP_RESERVED,****
1235,ADD,****,CEP_RESERVED,****
1236,ADD,****,CEP_RESERVED,****
1237,ADD,****,CEP_RESERVED,****
1238,ADD,****,CEP_RESERVED,****
1239,ADD,****,CEP_RESERVED,****
1240,ADD,****,CEP_RESERVED,****
1241,ADD,****,CEP_RESERVED,****
1242,ADD,****,CEP_RESERVED,****
1243,ADD,****,CEP_RESERVED,****
1244,ADD,****,CEP_RESERVED,****
1245,ADD,****,CEP_RESERVED,****
1246,ADD,****,CEP_RESERVED,****
1247,ADD,****,CEP_RESERVED,****
1248,ADD,****,CEP_RESERVED,****
1249,ADD,****,CEP_RESERVED,****
1250,ADD,****,CEP_RESERVED,****
1251,ADD,****,CEP_RESERVED,****
1252,ADD,****,CEP_RESERVED,****
1253,ADD,****,CEP_RESERVED,****
1254,ADD,****,CEP_RESERVED,****
1255,ADD,****,CEP_RESERVED,****
1256,ADD,****,CEP_RESERVED,****
1257,ADD,****,CEP_RESERVED,****
1258,ADD,****,CEP_RESERVED,****
1259,ADD,****,CEP_RESERVED,****
1260,ADD,****,CEP_RESERVED,****
1261,ADD,****,CEP_RESERVED,****
1262,ADD,****,CEP_RESERVED,****
1263,ADD,****,CEP_RESERVED,****
1264,ADD,****,CEP_RESERVED,****
1265,ADD,****,CEP_RESERVED,****
1266,ADD,****,CEP_RESERVED,****
1267,ADD,****,CEP_RESERVED,****
1268,ADD,****,CEP_RESERVED,****
1269,ADD,****,CEP_RESERVED,****
1270,ADD,****,CEP_RESERVED,****
1271,ADD,****,CEP_RESERVED,****
1272,ADD,****,CEP_RESERVED,****
1273,ADD,****,CEP_RESERVED,****
1274,ADD,****,CEP_RESERVED,****
1275,ADD,****,CEP_RESERVED,****
1276,ADD,****,CEP_RESERVED,****
1277,ADD,****,CEP_RESERVED,****
1278,ADD,****,CEP_RESERVED,****
1279,ADD,****,CEP_RESERVED,****
1280,ADD,****,CEP_RESERVED,****
1281,ADD,****,CEP_RESERVED,****
1282,ADD,****,CEP_RESERVED,****
1283,ADD,****,CEP_RESERVED,****
1284,ADD,****,CEP_RESERVED,****
1285,ADD,****,CEP_RESERVED,****
1286,ADD,****,CEP_RESERVED,****
1287,ADD,****,CEP_RESERVED,****
1288,ADD,****,CEP_RESERVED,****
1289,ADD,****,CEP_RESERVED,****
1290,ADD,****,CEP_RESERVED,****
1291,ADD,****,CEP_RESERVED,****
1292,ADD,****,CEP_RESERVED,****
1293,ADD,****,CEP_RESERVED,****
1294,ADD,****,CEP_RESERVED,****
1295,ADD,****,CEP_RESERVED,****
1296,ADD,****,CEP_RESERVED,****
1297,ADD,****,CEP_RESERVED,****
1298,ADD,****,CEP_RESERVED,****
1299,ADD,****,CEP_RESERVED,****
1300,ADD,****,CEP_RESERVED,****
1301,ADD,****,CEP_RESERVED,****
1302,ADD,****,CEP_RESERVED,****
1303,ADD,****,CEP_RESERVED,****
1304,ADD,****,CEP_RESERVED,****
1305,ADD,****,CEP_RESERVED,****
1306,ADD,****,CEP_RESERVED,****
1307,ADD,****,CEP_RESERVED,****
1308,ADD,****,CEP_RESERVED,****
1309,ADD,****,CEP_RESERVED,****
1310,ADD,****,CEP_RESERVED,****
1311,ADD,****,CEP_RESERVED,****
1312,ADD,****,CEP_RESERVED,****
1313,ADD,****,CEP_RESERVED,****
1314,ADD,****,CEP_RESERVED,****
1315,ADD,****,CEP_RESERVED,****
1316,ADD,****,CEP_RESERVED,****
1317,ADD,****,CEP_RESERVED,****
1318,ADD,****,CEP_RESERVED,****
1319,ADD,****,CEP_RESERVED,****
1320,ADD,****,CEP_RESERVED,****
1321,ADD,****,CEP_RESERVED,****
1322,ADD,****,CEP_RESERVED,****
1323,ADD,****,CEP_RESERVED,****
1324,ADD,****,CEP_RESERVED,****
1325,ADD,****,CEP_RESERVED,****
1326,ADD,****,CEP_RESERVED,****
1327,ADD,****,CEP_RESERVED,****
1328,ADD,****,CEP_RESERVED,****
1329,ADD,****,CEP_RESERVED,****
1330,ADD,****,CEP_RESERVED,****
1331,ADD,****,CEP_RESERVED,****
1332,ADD,****,CEP_RESERVED,****
1333,ADD,****,CEP_RESERVED,****
1334,ADD,****,CEP_RESERVED,****
1335,ADD,****,CEP_RESERVED,****
1336,ADD,****,CEP_RESERVED,****
1337,ADD,****,CEP_RESERVED,****
1338,ADD,****,CEP_RESERVED,****
1339,ADD,****,CEP_RESERVED,****
1340,ADD,****,CEP_RESERVED,****
1341,ADD,****,CEP_RESERVED,****
1342,ADD,****,CEP_RESERVED,****
1343,ADD,****,CEP_RESERVED,****
1344,ADD,****,CEP_RESERVED,****
1345,ADD,****,CEP_RESERVED,****
1346,ADD,****,CEP_RESERVED,****
1347,ADD,****,CEP_RESERVED,****
1348,ADD,****,CEP_RESERVED,****
1349,ADD,****,CEP_RESERVED,****
1350,ADD,****,CEP_RESERVED,****
1351,ADD,****,CEP_RESERVED,****
1352,ADD,****,CEP_RESERVED,****
1353,ADD,****,CEP_RESERVED,****
1354,ADD,****,CEP_RESERVED,****
1355,ADD,****,CEP_RESERVED,****
1356,ADD,****,CEP_RESERVED,****
1357,ADD,****,CEP_RESERVED,****
1358,ADD,****,CEP_RESERVED,****
1359,ADD,****,CEP_RESERVED,****
1360,ADD,****,CEP_RESERVED,****
1361,ADD,****,CEP_RESERVED,****
1362,ADD,****,CEP_RESERVED,****
1363,ADD,****,CEP_RESERVED,****
1364,ADD,****,CEP_RESERVED,****
1365,ADD,****,CEP_RESERVED,****
1366,ADD,****,CEP_RESERVED,****
1367,ADD,****,CEP_RESERVED,****
1368,ADD,****,CEP_RESERVED,****
1369,ADD,****,CEP_RESERVED,****
1370,ADD,****,CEP_RESERVED,****
1371,ADD,****,CEP_RESERVED,****
1372,ADD,****,CEP_RESERVED,****
1373,ADD,****,CEP_RESERVED,****
1374,ADD,****,CEP_RESERVED,****
1375,ADD,****,CEP_RESERVED,****
1376,ADD,****,CEP_RESERVED,****
1377,ADD,****,CEP_RESERVED,****
1378,ADD,****,CEP_RESERVED,****
1379,ADD,****,CEP_RESERVED,****
1380,ADD,****,CEP_RESERVED,****
1381,ADD,****,CEP_RESERVED,****
1382,ADD,****,CEP_RESERVED,****
1383,ADD,****,CEP_RESERVED,****
1384,ADD,****,CEP_RESERVED,****
1385,ADD,****,CEP_RESERVED,****
1386,ADD,****,CEP_RESERVED,****
1387,ADD,****,CEP_RESERVED,****
1388,ADD,****,CEP_RESERVED,****
1389,ADD,****,CEP_RESERVED,****
1390,ADD,****,CEP_RESERVED,****
1391,ADD,****,CEP_RESERVED,****
1392,ADD,****,CEP_RESERVED,****
1393,ADD,****,CEP_RESERVED,****
1394,ADD,****,CEP_RESERVED,****
1395,ADD,****,CEP_RESERVED,****
1396,ADD,****,CEP_RESERVED,****
1397,ADD,****,CEP_RESERVED,****
1398,ADD,****,CEP_RESERVED,****
1399,ADD,****,CEP_RESERVED,****
1400,ADD,****,CEP_RESERVED,****
1401,ADD,****,CEP_RESERVED,****
1402,ADD,****,CEP_RESERVED,****
1403,ADD,****,CEP_RESERVED,****
1404,ADD,****,CEP_RESERVED,****
1405,ADD,****,CEP_RESERVED,****
1406,ADD,****,CEP_RESERVED,****
1407,ADD,****,CEP_RESERVED,****
1408,ADD,****,CEP_RESERVED,****
1409,ADD,****,CEP_RESERVED,****
1410,ADD,****,CEP_RESERVED,****
1411,ADD,****,CEP_RESERVED,****
1412,ADD,****,CEP_RESERVED,****
1413,ADD,****,CEP_RESERVED,****
1414,ADD,****,CEP_RESERVED,****
1415,ADD,****,CEP_RESERVED,****
1416,ADD,****,CEP_RESERVED,****
1417,ADD,****,CEP_RESERVED,****
1418,ADD,****,CEP_RESERVED,****
1419,ADD,****,CEP_RESERVED,****
1420,ADD,****,CEP_RESERVED,****
1421,ADD,****,CEP_RESERVED,****
1422,ADD,****,CEP_RESERVED,****
1423,ADD,****,CEP_RESERVED,****
1424,ADD,****,CEP_RESERVED,****
1425,ADD,****,CEP_RESERVED,****
1426,ADD,****,CEP_RESERVED,****
1427,ADD,****,CEP_RESERVED,****
1428,ADD,****,CEP_RESERVED,****
1429,ADD,****,CEP_RESERVED,****
1430,ADD,****,CEP_RESERVED,****
1431,ADD,****,CEP_RESERVED,****
1432,ADD,****,CEP_RESERVED,****
1433,ADD,****,CEP_RESERVED,****
1434,ADD,****,CEP_RESERVED,****
1435,ADD,****,CEP_RESERVED,****
1436,ADD,****,CEP_RESERVED,****
1437,ADD,****,CEP_RESERVED,****
1438,ADD,****,CEP_RESERVED,****
1439,ADD,****,CEP_RESERVED,****
1440,ADD,****,CEP_RESERVED,****
1441,ADD,****,CEP_RESERVED,****
1442,ADD,****,CEP_RESERVED,****
1443,ADD,****,CEP_RESERVED,****
1444,ADD,****,CEP_RESERVED,****
1445,ADD,****,CEP_RESERVED,****
1446,ADD,****,CEP_RESERVED,****
1447,ADD,****,CEP_RESERVED,****
1448,ADD,****,CEP_RESERVED,****
1449,ADD,****,CEP_RESERVED,****
1450,ADD,****,CEP_RESERVED,****
1451,ADD,****,CEP_RESERVED,****
1452,ADD,****,CEP_RESERVED,****
1453,ADD,****,CEP_RESERVED,****
1454,ADD,****,CEP_RESERVED,****
1455,ADD,****,CEP_RESERVED,****
1456,ADD,****,CEP_RESERVED,****
1457,ADD,****,CEP_RESERVED,****
1458,ADD,****,CEP_RESERVED,****
1459,ADD,****,CEP_RESERVED,****
1460,ADD,****,CEP_RESERVED,****
1461,ADD,****,CEP_RESERVED,****
1462,ADD,****,CEP_RESERVED,****
1463,ADD,****,CEP_RESERVED,****
1464,ADD,****,CEP_RESERVED,****
1465,ADD,****,CEP_RESERVED,****
1466,ADD,****,CEP_RESERVED,****
1467,ADD,****,CEP_RESERVED,****
1468,ADD,****,CEP_RESERVED,****
1469,ADD,****,CEP_RESERVED,****
1470,ADD,****,CEP_RESERVED,****
1471,ADD,****,CEP_RESERVED,****
1472,ADD,****,CEP_RESERVED,****
1473,ADD,****,CEP_RESERVED,****
1474,ADD,****,CEP_RESERVED,****
1475,ADD,****,CEP_RESERVED,****
1476,ADD,****,CEP_RESERVED,****
1477,ADD,****,CEP_RESERVED,****
1478,ADD,****,CEP_RESERVED,****
1479,ADD,****,CEP_RESERVED,****
1480,ADD,****,CEP_RESERVED,****
1481,ADD,****,CEP_RESERVED,****
1482,ADD,****,CEP_RESERVED,****
1483,ADD,****,CEP_RESERVED,****
1484,ADD,****,CEP_RESERVED,****
1485,ADD,****,CEP_RESERVED,****
1486,ADD,****,CEP_RESERVED,****
1487,ADD,****,CEP_RESERVED,****
1488,ADD,****,CEP_RESERVED,****
1489,ADD,****,CEP_RESERVED,****
1490,ADD,****,CEP_RESERVED,****
1491,ADD,****,CEP_RESERVED,****
1492,ADD,****,CEP_RESERVED,****
1493,ADD,****,CEP_RESERVED,****
1494,ADD,****,CEP_RESERVED,****
1495,ADD,****,CEP_RESERVED,****
1496,ADD,****,CEP_RESERVED,****
1497,ADD,****,CEP_RESERVED,****
1498,ADD,****,CEP_RESERVED,****
1499,ADD,****,CEP_RESERVED,****
1500,ADD,****,CEP_RESERVED,****
1501,ADD,****,CEP_RESERVED,****
1502,ADD,****,CEP_RESERVED,****
1503,ADD,****,CEP_RESERVED,****
1504,ADD,****,CEP_RESERVED,****
1505,ADD,****,CEP_RESERVED,****
1506,ADD,****,CEP_RESERVED,****
1507,ADD,****,CEP_RESERVED,****
1508,ADD,****,CEP_RESERVED,****
1509,ADD,****,CEP_RESERVED,****
1510,ADD,****,CEP_RESERVED,****
1511,ADD,****,CEP_RESERVED,****
1512,ADD,****,CEP_RESERVED,****
1513,ADD,****,CEP_RESERVED,****
1514,ADD,****,CEP_RESERVED,****
1515,ADD,****,CEP_RESERVED,****
1516,ADD,****,CEP_RESERVED,****
1517,ADD,****,CEP_RESERVED,****
1518,ADD,****,CEP_RESERVED,****
1519,ADD,****,CEP_RESERVED,****
1520,ADD,****,CEP_RESERVED,****
1521,ADD,****,CEP_RESERVED,****
1522,ADD,****,CEP_RESERVED,****
1523,ADD,****,CEP_RESERVED,****
1524,ADD,****,CEP_RESERVED,****
1525,ADD,****,CEP_RESERVED,****
1526,ADD,****,CEP_RESERVED,****
1527,ADD,****,CEP_RESERVED,****
1528,ADD,****,CEP_RESERVED,****
1529,ADD,****,CEP_RESERVED,****
1530,ADD,****,CEP_RESERVED,****
1531,ADD,****,CEP_RESERVED,****
1532,ADD,****,CEP_RESERVED,****
1533,ADD,****,CEP_RESERVED,****
1534,ADD,****,CEP_RESERVED,****
1535,ADD,****,CEP_RESERVED,****
1536,ADD,****,CEP_RESERVED,****
1537,ADD,****,CEP_RESERVED,****
1538,ADD,****,CEP_RESERVED,****
1539,ADD,****,CEP_RESERVED,****
1540,ADD,****,CEP_RESERVED,****
1541,ADD,****,CEP_RESERVED,****
1542,ADD,****,CEP_RESERVED,****
1543,ADD,****,CEP_RESERVED,****
1544,ADD,****,CEP_RESERVED,****
1545,ADD,****,CEP_RESERVED,****
1546,ADD,****,CEP_RESERVED,****
1547,ADD,****,CEP_RESERVED,****
1548,ADD,****,CEP_RESERVED,****
1549,ADD,****,CEP_RESERVED,****
1550,ADD,****,CEP_RESERVED,****
1551,ADD,****,CEP_RESERVED,****
1552,ADD,****,CEP_RESERVED,****
1553,ADD,****,CEP_RESERVED,****
1554,ADD,****,CEP_RESERVED,****
1555,ADD,****,CEP_RESERVED,****
1556,ADD,****,CEP_RESERVED,****
1557,ADD,****,CEP_RESERVED,****
1558,ADD,****,CEP_RESERVED,****
1559,ADD,****,CEP_RESERVED,****
1560,ADD,****,CEP_RESERVED,****
1561,ADD,****,CEP_RESERVED,****
1562,ADD,****,CEP_RESERVED,****
1563,ADD,****,CEP_RESERVED,****
1564,ADD,****,CEP_RESERVED,****
1565,ADD,****,CEP_RESERVED,****
1566,ADD,****,CEP_RESERVED,****
1567,ADD,****,CEP_RESERVED,****
1568,ADD,****,CEP_RESERVED,****
1569,ADD,****,CEP_RESERVED,****
1570,ADD,****,CEP_RESERVED,****
1571,ADD,****,CEP_RESERVED,****
1572,ADD,****,CEP_RESERVED,****
1573,ADD,****,CEP_RESERVED,****
1574,ADD,****,CEP_RESERVED,****
1575,ADD,****,CEP_RESERVED,****
1576,ADD,****,CEP_RESERVED,****
1577,ADD,****,CEP_RESERVED,****
1578,ADD,****,CEP_RESERVED,****
1579,ADD,****,CEP_RESERVED,****
1580,ADD,****,CEP_RESERVED,****
1581,ADD,****,CEP_RESERVED,****
1582,ADD,****,CEP_RESERVED,****
1583,ADD,****,CEP_RESERVED,****
1584,ADD,****,CEP_RESERVED,****
1585,ADD,****,CEP_RESERVED,****
1586,ADD,****,CEP_RESERVED,****
1587,ADD,****,CEP_RESERVED,****
1588,ADD,****,CEP_RESERVED,****
1589,ADD,****,CEP_RESERVED,****
1590,ADD,****,CEP_RESERVED,****
1591,ADD,****,CEP_RESERVED,****
1592,ADD,****,CEP_RESERVED,****
1593,ADD,****,CEP_RESERVED,****
1594,ADD,****,CEP_RESERVED,****
1595,ADD,****,CEP_RESERVED,****
1596,ADD,****,CEP_RESERVED,****
1597,ADD,****,CEP_RESERVED,****
1598,ADD,****,CEP_RESERVED,****
1599,ADD,****,CEP_RESERVED,****
1600,ADD,****,CEP_RESERVED,****
1601,ADD,****,CEP_RESERVED,****
1602,ADD,****,CEP_RESERVED,****
1603,ADD,****,CEP_RESERVED,****
1604,ADD,****,CEP_RESERVED,****
1605,ADD,****,CEP_RESERVED,****
1606,ADD,****,CEP_RESERVED,****
1607,ADD,****,CEP_RESERVED,****
1608,ADD,****,CEP_RESERVED,****
1609,ADD,****,CEP_RESERVED,****
1610,ADD,****,CEP_RESERVED,****
1611,ADD,****,CEP_RESERVED,****
1612,ADD,****,CEP_RESERVED,****
1613,ADD,****,CEP_RESERVED,****
1614,ADD,****,CEP_RESERVED,****
1615,ADD,****,CEP_RESERVED,****
1616,ADD,****,CEP_RESERVED,****
1617,ADD,****,CEP_RESERVED,****
1618,ADD,****,CEP_RESERVED,****
1619,ADD,****,CEP_RESERVED,****
1620,ADD,****,CEP_RESERVED,****
1621,ADD,****,CEP_RESERVED,****
1622,ADD,****,CEP_RESERVED,****
1623,ADD,****,CEP_RESERVED,****
1624,ADD,****,CEP_RESERVED,****
1625,ADD,****,CEP_RESERVED,****
1626,ADD,****,CEP_RESERVED,****
1627,ADD,****,CEP_RESERVED,****
1628,ADD,****,CEP_RESERVED,****
1629,ADD,****,CEP_RESERVED,****
1630,ADD,****,CEP_RESERVED,****
1631,ADD,****,CEP_RESERVED,****
1632,ADD,****,CEP_RESERVED,****
1633,ADD,****,CEP_RESERVED,****
1634,ADD,****,CEP_RESERVED,****
1635,ADD,****,CEP_RESERVED,****
1636,ADD,****,CEP_RESERVED,****
1637,ADD,****,CEP_RESERVED,****
1638,ADD,****,CEP_RESERVED,****
1639,ADD,****,CEP_RESERVED,****
1640,ADD,****,CEP_RESERVED,****
1641,ADD,****,CEP_RESERVED,****
1642,ADD,****,CEP_RESERVED,****
1643,ADD,****,CEP_RESERVED,****
1644,ADD,****,CEP_RESERVED,****
1645,ADD,****,CEP_RESERVED,****
1646,ADD,****,CEP_RESERVED,****
1647,ADD,****,CEP_RESERVED,****
1648,ADD,****,CEP_RESERVED,****
1649,ADD,****,CEP_RESERVED,****
1650,ADD,****,CEP_RESERVED,****
1651,ADD,****,CEP_RESERVED,****
1652,ADD,****,CEP_RESERVED,****
1653,ADD,****,CEP_RESERVED,****
1654,ADD,****,CEP_RESERVED,****
1655,ADD,****,CEP_RESERVED,****
1656,ADD,****,CEP_RESERVED,****
1657,ADD,****,CEP_RESERVED,****
1658,ADD,****,CEP_RESERVED,****
1659,ADD,****,CEP_RESERVED,****
1660,ADD,****,CEP_RESERVED,****
1661,ADD,****,CEP_RESERVED,****
1662,ADD,****,CEP_RESERVED,****
1663,ADD,****,CEP_RESERVED,****
1664,ADD,****,CEP_RESERVED,****
1665,ADD,****,CEP_RESERVED,****
1666,ADD,****,CEP_RESERVED,****
1667,ADD,****,CEP_RESERVED,****
1668,ADD,****,CEP_RESERVED,****
1669,ADD,****,CEP_RESERVED,****
1670,ADD,****,CEP_RESERVED,****
1671,ADD,****,CEP_RESERVED,****
1672,ADD,****,CEP_RESERVED,****
1673,ADD,****,CEP_RESERVED,****
1674,ADD,****,CEP_RESERVED,****
1675,ADD,****,CEP_RESERVED,****
1676,ADD,****,CEP_RESERVED,****
1677,ADD,****,CEP_RESERVED,****
1678,ADD,****,CEP_RESERVED,****
1679,ADD,****,CEP_RESERVED,****
1680,ADD,****,CEP_RESERVED,****
1681,ADD,****,CEP_RESERVED,****
1682,ADD,****,CEP_RESERVED,****
1683,ADD,****,CEP_RESERVED,****
1684,ADD,****,CEP_RESERVED,****
1685,ADD,****,CEP_RESERVED,****
1686,ADD,****,CEP_RESERVED,****
1687,ADD,****,CEP_RESERVED,****
1688,ADD,****,CEP_RESERVED,****
1689,ADD,****,CEP_RESERVED,****
1690,ADD,****,CEP_RESERVED,****
1691,ADD,****,CEP_RESERVED,****
1692,ADD,****,CEP_RESERVED,****
1693,ADD,****,CEP_RESERVED,****
1694,ADD,****,CEP_RESERVED,****
1695,ADD,****,CEP_RESERVED,****
1696,ADD,****,CEP_RESERVED,****
1697,ADD,****,CEP_RESERVED,****
1698,ADD,****,CEP_RESERVED,****
1699,ADD,****,CEP_RESERVED,****
1700,ADD,****,CEP_RESERVED,****
1701,ADD,****,CEP_RESERVED,****
1702,ADD,****,CEP_RESERVED,****
1703,ADD,****,CEP_RESERVED,****
1704,ADD,****,CEP_RESERVED,****
1705,ADD,****,CEP_RESERVED,****
1706,ADD,****,CEP_RESERVED,****
1707,ADD,****,CEP_RESERVED,****
1708,ADD,****,CEP_RESERVED,****
1709,ADD,****,CEP_RESERVED,****
1710,ADD,****,CEP_RESERVED,****
1711,ADD,****,CEP_RESERVED,****
1712,ADD,****,CEP_RESERVED,****
1713,ADD,****,CEP_RESERVED,****
1714,ADD,****,CEP_RESERVED,****
1715,ADD,****,CEP_RESERVED,****
1716,ADD,****,CEP_RESERVED,****
1717,ADD,****,CEP_RESERVED,****
1718,ADD,****,CEP_RESERVED,****
1719,ADD,****,CEP_RESERVED,****
1720,ADD,****,CEP_RESERVED,****
1721,ADD,****,CEP_RESERVED,****
1722,ADD,****,CEP_RESERVED,****
1723,ADD,****,CEP_RESERVED,****
1724,ADD,****,CEP_RESERVED,****
1725,ADD,****,CEP_RESERVED,****
1726,ADD,****,CEP_RESERVED,****
1727,ADD,****,CEP_RESERVED,****
1728,ADD,****,CEP_RESERVED,****
1729,ADD,****,CEP_RESERVED,****
1730,ADD,****,CEP_RESERVED,****
1731,ADD,****,CEP_RESERVED,****
1732,ADD,****,CEP_RESERVED,****
1733,ADD,****,CEP_RESERVED,****
1734,ADD,****,CEP_RESERVED,****
1735,ADD,****,CEP_RESERVED,****
1736,ADD,****,CEP_RESERVED,****
1737,ADD,****,CEP_RESERVED,****
1738,ADD,****,CEP_RESERVED,****
1739,ADD,****,CEP_RESERVED,****
1740,ADD,****,CEP_RESERVED,****
1741,ADD,****,CEP_RESERVED,****
1742,ADD,****,CEP_RESERVED,****
1743,ADD,****,CEP_RESERVED,****
1744,ADD,****,CEP_RESERVED,****
1745,ADD,****,CEP_RESERVED,****
1746,ADD,****,CEP_RESERVED,****
1747,ADD,****,CEP_RESERVED,****
1748,ADD,****,CEP_RESERVED,****
1749,ADD,****,CEP_RESERVED,****
1750,ADD,****,CEP_RESERVED,****
1751,ADD,****,CEP_RESERVED,****
1752,ADD,****,CEP_RESERVED,****
1753,ADD,****,CEP_RESERVED,****
1754,ADD,****,CEP_RESERVED,****
1755,ADD,****,CEP_RESERVED,****
1756,ADD,****,CEP_RESERVED,****
1757,ADD,****,CEP_RESERVED,****
1758,ADD,****,CEP_RESERVED,****
1759,ADD,****,CEP_RESERVED,****
1760,ADD,****,CEP_RESERVED,****
1761,ADD,****,CEP_RESERVED,****
1762,ADD,****,CEP_RESERVED,****
1763,ADD,****,CEP_RESERVED,****
1764,ADD,****,CEP_RESERVED,****
1765,ADD,****,CEP_RESERVED,****
1766,ADD,****,CEP_RESERVED,****
1767,ADD,****,CEP_RESERVED,****
1768,ADD,****,CEP_RESERVED,****
1769,ADD,****,CEP_RESERVED,****
1770,ADD,****,CEP_RESERVED,****
1771,ADD,****,CEP_RESERVED,****
1772,ADD,****,CEP_RESERVED,****
1773,ADD,****,CEP_RESERVED,****
1774,ADD,****,CEP_RESERVED,****
1775,ADD,****,CEP_RESERVED,****
1776,ADD,****,CEP_RESERVED,****
1777,ADD,****,CEP_RESERVED,****
1778,ADD,****,CEP_RESERVED,****
1779,ADD,****,CEP_RESERVED,****
1780,ADD,****,CEP_RESERVED,****
1781,ADD,****,CEP_RESERVED,****
1782,ADD,****,CEP_RESERVED,****
1783,ADD,****,CEP_RESERVED,****
1784,ADD,****,CEP_RESERVED,****
1785,ADD,****,CEP_RESERVED,****
1786,ADD,****,CEP_RESERVED,****
1787,ADD,****,CEP_RESERVED,****
1788,ADD,****,CEP_RESERVED,****
1789,ADD,****,CEP_RESERVED,****
1790,ADD,****,CEP_RESERVED,****
1791,ADD,****,CEP_RESERVED,****
1792,ADD,****,CEP_RESERVED,****
1793,ADD,****,CEP_RESERVED,****
1794,ADD,****,CEP_RESERVED,****
1795,ADD,****,CEP_RESERVED,****
1796,ADD,****,CEP_RESERVED,****
1797,ADD,****,CEP_RESERVED,****
1798,ADD,****,CEP_RESERVED,****
1799,ADD,****,CEP_RESERVED,****
1800,ADD,****,CEP_RESERVED,****
1801,ADD,****,CEP_RESERVED,****
1802,ADD,****,CEP_RESERVED,****
1803,ADD,****,CEP_RESERVED,****
1804,ADD,****,CEP_RESERVED,****
1805,ADD,****,CEP_RESERVED,****
1806,ADD,****,CEP_RESERVED,****
1807,ADD,****,CEP_RESERVED,****
1808,ADD,****,CEP_RESERVED,****
1809,ADD,****,CEP_RESERVED,****
1810,ADD,****,CEP_RESERVED,****
1811,ADD,****,CEP_RESERVED,****
1812,ADD,****,CEP_RESERVED,****
1813,ADD,****,CEP_RESERVED,****
1814,ADD,****,CEP_RESERVED,****
1815,ADD,****,CEP_RESERVED,****
1816,ADD,****,CEP_RESERVED,****
1817,ADD,****,CEP_RESERVED,****
1818,ADD,****,CEP_RESERVED,****
1819,ADD,****,CEP_RESERVED,****
1820,ADD,****,CEP_RESERVED,****
1821,ADD,****,CEP_RESERVED,****
1822,ADD,****,CEP_RESERVED,****
1823,ADD,****,CEP_RESERVED,****
1824,ADD,****,CEP_RESERVED,****
1825,ADD,****,CEP_RESERVED,****
1826,ADD,****,CEP_RESERVED,****
1827,ADD,****,CEP_RESERVED,****
1828,ADD,****,CEP_RESERVED,****
1829,ADD,****,CEP_RESERVED,****
1830,ADD,****,CEP_RESERVED,****
1831,ADD,****,CEP_RESERVED,****
1832,ADD,****,CEP_RESERVED,****
1833,ADD,****,CEP_RESERVED,****
1834,ADD,****,CEP_RESERVED,****
1835,ADD,****,CEP_RESERVED,****
1836,ADD,****,CEP_RESERVED,****
1837,ADD,****,CEP_RESERVED,****
1838,ADD,****,CEP_RESERVED,****
1839,ADD,****,CEP_RESERVED,****
1840,ADD,****,CEP_RESERVED,****
1841,ADD,****,CEP_RESERVED,****
1842,ADD,****,CEP_RESERVED,****
1843,ADD,****,CEP_RESERVED,****
1844,ADD,****,CEP_RESERVED,****
1845,ADD,****,CEP_RESERVED,****
1846,ADD,****,CEP_RESERVED,****
1847,ADD,****,CEP_RESERVED,****
1848,ADD,****,CEP_RESERVED,****
1849,ADD,****,CEP_RESERVED,****
1850,ADD,****,CEP_RESERVED,****
1851,ADD,****,CEP_RESERVED,****
1852,ADD,****,CEP_RESERVED,****
1853,ADD,****,CEP_RESERVED,****
1854,ADD,****,CEP_RESERVED,****
1855,ADD,****,CEP_RESERVED,****
1856,ADD,****,CEP_RESERVED,****
1857,ADD,****,CEP_RESERVED,****
1858,ADD,****,CEP_RESERVED,****
1859,ADD,****,CEP_RESERVED,****
1860,ADD,****,CEP_RESERVED,****
1861,ADD,****,CEP_RESERVED,****
1862,ADD,****,CEP_RESERVED,****
1863,ADD,****,CEP_RESERVED,****
1864,ADD,****,CEP_RESERVED,****
1865,ADD,****,CEP_RESERVED,****
1866,ADD,****,CEP_RESERVED,****
1867,ADD,****,CEP_RESERVED,****
1868,ADD,****,CEP_RESERVED,****
1869,ADD,****,CEP_RESERVED,****
1870,ADD,****,CEP_RESERVED,****
1871,ADD,****,CEP_RESERVED,****
1872,ADD,****,CEP_RESERVED,****
1873,ADD,****,CEP_RESERVED,****
1874,ADD,****,CEP_RESERVED,****
1875,ADD,****,CEP_RESERVED,****
1876,ADD,****,CEP_RESERVED,****
1877,ADD,****,CEP_RESERVED,****
1878,ADD,****,CEP_RESERVED,****
1879,ADD,****,CEP_RESERVED,****
1880,ADD,****,CEP_RESERVED,****
1881,ADD,****,CEP_RESERVED,****
1882,ADD,****,CEP_RESERVED,****
1883,ADD,****,CEP_RESERVED,****
1884,ADD,****,CEP_RESERVED,****
1885,ADD,****,CEP_RESERVED,****
1886,ADD,****,CEP_RESERVED,****
1887,ADD,****,CEP_RESERVED,****
1888,ADD,****,CEP_RESERVED,****
1889,ADD,****,CEP_RESERVED,****
1890,ADD,****,CEP_RESERVED,****
1891,ADD,****,CEP_RESERVED,****
1892,ADD,****,CEP_RESERVED,****
1893,ADD,****,CEP_RESERVED,****
1894,ADD,****,CEP_RESERVED,****
1895,ADD,****,CEP_RESERVED,****
1896,ADD,****,CEP_RESERVED,****
1897,ADD,****,CEP_RESERVED,****
1898,ADD,****,CEP_RESERVED,****
1899,ADD,****,CEP_RESERVED,****
1900,ADD,****,CEP_RESERVED,****
1901,ADD,****,CEP_RESERVED,****
1902,ADD,****,CEP_RESERVED,****
1903,ADD,****,CEP_RESERVED,****
1904,ADD,****,CEP_RESERVED,****
1905,ADD,****,CEP_RESERVED,****
1906,ADD,****,CEP_RESERVED,****
1907,ADD,****,CEP_RESERVED,****
1908,ADD,****,CEP_RESERVED,****
1909,ADD,****,CEP_RESERVED,****
1910,ADD,****,CEP_RESERVED,****
1911,ADD,****,CEP_RESERVED,****
1912,ADD,****,CEP_RESERVED,****
1913,ADD,****,CEP_RESERVED,****
1914,ADD,****,CEP_RESERVED,****
1915,ADD,****,CEP_RESERVED,****
1916,ADD,****,CEP_RESERVED,****
1917,ADD,****,CEP_RESERVED,****
1918,ADD,****,CEP_RESERVED,****
1919,ADD,****,CEP_RESERVED,****
1920,ADD,****,CEP_RESERVED,****
1921,ADD,****,CEP_RESERVED,****
1922,ADD,****,CEP_RESERVED,****
1923,ADD,****,CEP_RESERVED,****
1924,ADD,****,CEP_RESERVED,****
1925,ADD,****,CEP_RESERVED,****
1926,ADD,****,CEP_RESERVED,****
1927,ADD,****,CEP_RESERVED,****
1928,ADD,****,CEP_RESERVED,****
1929,ADD,****,CEP_RESERVED,****
1930,ADD,****,CEP_RESERVED,****
1931,ADD,****,CEP_RESERVED,****
1932,ADD,****,CEP_RESERVED,****
1933,ADD,****,CEP_RESERVED,****
1934,ADD,****,CEP_RESERVED,****
1935,ADD,****,CEP_RESERVED,****
1936,ADD,****,CEP_RESERVED,****
1937,ADD,****,CEP_RESERVED,****
1938,ADD,****,CEP_RESERVED,****
1939,ADD,****,CEP_RESERVED,****
1940,ADD,****,CEP_RESERVED,****
1941,ADD,****,CEP_RESERVED,****
1942,ADD,****,CEP_RESERVED,****
1943,ADD,****,CEP_RESERVED,****
1944,ADD,****,CEP_RESERVED,****
1945,ADD,****,CEP_RESERVED,****
1946,ADD,****,CEP_RESERVED,****
1947,ADD,****,CEP_RESERVED,****
1948,ADD,****,CEP_RESERVED,****
1949,ADD,****,CEP_RESERVED,****
1950,ADD,****,CEP_RESERVED,****
1951,ADD,****,CEP_RESERVED,****
1952,ADD,****,CEP_RESERVED,****
1953,ADD,****,CEP_RESERVED,****
1954,ADD,****,CEP_RESERVED,****
1955,ADD,****,CEP_RESERVED,****
1956,ADD,****,CEP_RESERVED,****
1957,ADD,****,CEP_RESERVED,****
1958,ADD,****,CEP_RESERVED,****
1959,ADD,****,CEP_RESERVED,****
1960,ADD,Angel_Brown,c_wingsanBr,****
1961,ADD,Angel_Black,c_wingsraven,****
1962,ADD,AzerFlames,vcm_hitfire,****
1963,ADD,Hippogriff,wing_hg,****
1964,ADD,Hippogriff2,wing_hg2,****
1965,ADD,"Earth Drake_wg",wing_ED1,****
1966,ADD,****,CEP_RESERVED,****
1967,ADD,****,CEP_RESERVED,****
1968,ADD,****,CEP_RESERVED,****
1969,ADD,****,CEP_RESERVED,****
1970,ADD,****,CEP_RESERVED,****
1971,ADD,****,CEP_RESERVED,****
1972,ADD,****,CEP_RESERVED,****
1973,ADD,****,CEP_RESERVED,****
1974,ADD,****,CEP_RESERVED,****
1975,ADD,****,CEP_RESERVED,****
1976,ADD,****,CEP_RESERVED,****
1977,ADD,****,CEP_RESERVED,****
1978,ADD,****,CEP_RESERVED,****
1979,ADD,****,CEP_RESERVED,****
1980,ADD,****,CEP_RESERVED,****
1981,ADD,****,CEP_RESERVED,****
1982,ADD,****,CEP_RESERVED,****
1983,ADD,****,CEP_RESERVED,****
1984,ADD,****,CEP_RESERVED,****
1985,ADD,****,CEP_RESERVED,****
1986,ADD,****,CEP_RESERVED,****
1987,ADD,****,CEP_RESERVED,****
1988,ADD,****,CEP_RESERVED,****
1989,ADD,****,CEP_RESERVED,****
1990,ADD,****,CEP_RESERVED,****
1991,ADD,****,CEP_RESERVED,****
1992,ADD,****,CEP_RESERVED,****
1993,ADD,****,CEP_RESERVED,****
1994,ADD,****,CEP_RESERVED,****
1995,ADD,****,CEP_RESERVED,****
1996,ADD,****,CEP_RESERVED,****
1997,ADD,****,CEP_RESERVED,****
1998,ADD,****,CEP_RESERVED,****
1999,ADD,****,CEP_RESERVED,****
